"Tabela 6778 - Número de estabelecimentos agropecuários, por tipologia, existência de energia elétrica, condição do produtor em relação às terras, residência da pessoa que dirige o estabelecimento, grupos de atividade econômica e grupos de área total"
"Variável - Número de estabelecimentos agropecuários (Unidades)"
"Cód.";"Brasil e Município";"Residência da pessoa que dirige o estabelecimento";"Grupos de atividade econômica";"Grupos de área total";"Ano x Tipologia x Existência de energia elétrica x Condição do produtor em relação às terras"
"Cód.";"Brasil e Município";"Residência da pessoa que dirige o estabelecimento";"Grupos de atividade econômica";"Grupos de área total";"2017"
"Cód.";"Brasil e Município";"Residência da pessoa que dirige o estabelecimento";"Grupos de atividade econômica";"Grupos de área total";"Total";"Agricultura familiar - sim"
"Cód.";"Brasil e Município";"Residência da pessoa que dirige o estabelecimento";"Grupos de atividade econômica";"Grupos de área total";"Total";"Total"
"Cód.";"Brasil e Município";"Residência da pessoa que dirige o estabelecimento";"Grupos de atividade econômica";"Grupos de área total";"Total";"Total"
"1";"Brasil";"Total";"Total";"Total";"5073324";"3897408"
"3500105";"Adamantina (SP)";"Total";"Total";"Total";"529";"360"
"3500204";"Adolfo (SP)";"Total";"Total";"Total";"82";"62"
"3500303";"Aguaí (SP)";"Total";"Total";"Total";"507";"368"
"3500402";"Águas da Prata (SP)";"Total";"Total";"Total";"113";"71"
"3500501";"Águas de Lindóia (SP)";"Total";"Total";"Total";"69";"42"
"3500550";"Águas de Santa Bárbara (SP)";"Total";"Total";"Total";"212";"109"
"3500709";"Agudos (SP)";"Total";"Total";"Total";"301";"171"
"3500758";"Alambari (SP)";"Total";"Total";"Total";"168";"98"
"3500808";"Alfredo Marcondes (SP)";"Total";"Total";"Total";"235";"163"
"3500907";"Altair (SP)";"Total";"Total";"Total";"103";"67"
"3501004";"Altinópolis (SP)";"Total";"Total";"Total";"282";"156"
"3501103";"Alto Alegre (SP)";"Total";"Total";"Total";"468";"369"
"3501152";"Alumínio (SP)";"Total";"Total";"Total";"8";"2"
"3501202";"Álvares Florence (SP)";"Total";"Total";"Total";"508";"357"
"3501301";"Álvares Machado (SP)";"Total";"Total";"Total";"660";"428"
"3501400";"Álvaro de Carvalho (SP)";"Total";"Total";"Total";"93";"33"
"3501509";"Alvinlândia (SP)";"Total";"Total";"Total";"102";"51"
"3501608";"Americana (SP)";"Total";"Total";"Total";"42";"33"
"3501707";"Américo Brasiliense (SP)";"Total";"Total";"Total";"17";"11"
"3501806";"Américo de Campos (SP)";"Total";"Total";"Total";"374";"318"
"3501905";"Amparo (SP)";"Total";"Total";"Total";"525";"291"
"3502002";"Analândia (SP)";"Total";"Total";"Total";"116";"44"
"3502101";"Andradina (SP)";"Total";"Total";"Total";"838";"642"
"3502200";"Angatuba (SP)";"Total";"Total";"Total";"931";"636"
"3502309";"Anhembi (SP)";"Total";"Total";"Total";"184";"92"
"3502408";"Anhumas (SP)";"Total";"Total";"Total";"223";"131"
"3502507";"Aparecida (SP)";"Total";"Total";"Total";"83";"37"
"3502606";"Aparecida d'Oeste (SP)";"Total";"Total";"Total";"397";"293"
"3502705";"Apiaí (SP)";"Total";"Total";"Total";"534";"346"
"3502754";"Araçariguama (SP)";"Total";"Total";"Total";"10";"4"
"3502804";"Araçatuba (SP)";"Total";"Total";"Total";"1020";"776"
"3502903";"Araçoiaba da Serra (SP)";"Total";"Total";"Total";"315";"174"
"3503000";"Aramina (SP)";"Total";"Total";"Total";"82";"44"
"3503109";"Arandu (SP)";"Total";"Total";"Total";"185";"98"
"3503158";"Arapeí (SP)";"Total";"Total";"Total";"83";"41"
"3503208";"Araraquara (SP)";"Total";"Total";"Total";"711";"541"
"3503307";"Araras (SP)";"Total";"Total";"Total";"358";"219"
"3503356";"Arco-Íris (SP)";"Total";"Total";"Total";"191";"116"
"3503406";"Arealva (SP)";"Total";"Total";"Total";"645";"414"
"3503505";"Areias (SP)";"Total";"Total";"Total";"82";"32"
"3503604";"Areiópolis (SP)";"Total";"Total";"Total";"21";"8"
"3503703";"Ariranha (SP)";"Total";"Total";"Total";"106";"55"
"3503802";"Artur Nogueira (SP)";"Total";"Total";"Total";"568";"383"
"3503901";"Arujá (SP)";"Total";"Total";"Total";"127";"90"
"3503950";"Aspásia (SP)";"Total";"Total";"Total";"142";"106"
"3504008";"Assis (SP)";"Total";"Total";"Total";"389";"255"
"3504107";"Atibaia (SP)";"Total";"Total";"Total";"600";"346"
"3504206";"Auriflama (SP)";"Total";"Total";"Total";"349";"236"
"3504305";"Avaí (SP)";"Total";"Total";"Total";"374";"180"
"3504404";"Avanhandava (SP)";"Total";"Total";"Total";"170";"114"
"3504503";"Avaré (SP)";"Total";"Total";"Total";"665";"354"
"3504602";"Bady Bassitt (SP)";"Total";"Total";"Total";"153";"89"
"3504701";"Balbinos (SP)";"Total";"Total";"Total";"64";"27"
"3504800";"Bálsamo (SP)";"Total";"Total";"Total";"252";"146"
"3504909";"Bananal (SP)";"Total";"Total";"Total";"236";"142"
"3505005";"Barão de Antonina (SP)";"Total";"Total";"Total";"219";"170"
"3505104";"Barbosa (SP)";"Total";"Total";"Total";"109";"69"
"3505203";"Bariri (SP)";"Total";"Total";"Total";"369";"223"
"3505302";"Barra Bonita (SP)";"Total";"Total";"Total";"55";"29"
"3505351";"Barra do Chapéu (SP)";"Total";"Total";"Total";"441";"309"
"3505401";"Barra do Turvo (SP)";"Total";"Total";"Total";"547";"345"
"3505500";"Barretos (SP)";"Total";"Total";"Total";"975";"645"
"3505609";"Barrinha (SP)";"Total";"Total";"Total";"22";"8"
"3505807";"Bastos (SP)";"Total";"Total";"Total";"382";"196"
"3505906";"Batatais (SP)";"Total";"Total";"Total";"376";"241"
"3506003";"Bauru (SP)";"Total";"Total";"Total";"395";"207"
"3506102";"Bebedouro (SP)";"Total";"Total";"Total";"599";"368"
"3506201";"Bento de Abreu (SP)";"Total";"Total";"Total";"55";"28"
"3506300";"Bernardino de Campos (SP)";"Total";"Total";"Total";"254";"187"
"3506359";"Bertioga (SP)";"Total";"Total";"Total";"1";"-"
"3506409";"Bilac (SP)";"Total";"Total";"Total";"263";"193"
"3506508";"Birigui (SP)";"Total";"Total";"Total";"650";"465"
"3506607";"Biritiba Mirim (SP)";"Total";"Total";"Total";"433";"294"
"3506706";"Boa Esperança do Sul (SP)";"Total";"Total";"Total";"167";"89"
"3506805";"Bocaina (SP)";"Total";"Total";"Total";"131";"57"
"3506904";"Bofete (SP)";"Total";"Total";"Total";"227";"118"
"3507001";"Boituva (SP)";"Total";"Total";"Total";"191";"126"
"3507100";"Bom Jesus dos Perdões (SP)";"Total";"Total";"Total";"65";"35"
"3507159";"Bom Sucesso de Itararé (SP)";"Total";"Total";"Total";"56";"22"
"3507209";"Borá (SP)";"Total";"Total";"Total";"38";"13"
"3507308";"Boracéia (SP)";"Total";"Total";"Total";"72";"31"
"3507407";"Borborema (SP)";"Total";"Total";"Total";"410";"224"
"3507456";"Borebi (SP)";"Total";"Total";"Total";"70";"38"
"3507506";"Botucatu (SP)";"Total";"Total";"Total";"359";"164"
"3507605";"Bragança Paulista (SP)";"Total";"Total";"Total";"583";"350"
"3507704";"Braúna (SP)";"Total";"Total";"Total";"156";"127"
"3507753";"Brejo Alegre (SP)";"Total";"Total";"Total";"91";"73"
"3507803";"Brodowski (SP)";"Total";"Total";"Total";"153";"78"
"3507902";"Brotas (SP)";"Total";"Total";"Total";"396";"202"
"3508009";"Buri (SP)";"Total";"Total";"Total";"530";"351"
"3508108";"Buritama (SP)";"Total";"Total";"Total";"397";"254"
"3508207";"Buritizal (SP)";"Total";"Total";"Total";"153";"103"
"3508306";"Cabrália Paulista (SP)";"Total";"Total";"Total";"99";"46"
"3508405";"Cabreúva (SP)";"Total";"Total";"Total";"102";"40"
"3508504";"Caçapava (SP)";"Total";"Total";"Total";"119";"39"
"3508603";"Cachoeira Paulista (SP)";"Total";"Total";"Total";"254";"96"
"3508702";"Caconde (SP)";"Total";"Total";"Total";"1262";"961"
"3508801";"Cafelândia (SP)";"Total";"Total";"Total";"253";"81"
"3508900";"Caiabu (SP)";"Total";"Total";"Total";"189";"122"
"3509007";"Caieiras (SP)";"Total";"Total";"Total";"18";"10"
"3509106";"Caiuá (SP)";"Total";"Total";"Total";"658";"530"
"3509205";"Cajamar (SP)";"Total";"Total";"Total";"72";"37"
"3509254";"Cajati (SP)";"Total";"Total";"Total";"520";"351"
"3509304";"Cajobi (SP)";"Total";"Total";"Total";"181";"95"
"3509403";"Cajuru (SP)";"Total";"Total";"Total";"736";"365"
"3509452";"Campina do Monte Alegre (SP)";"Total";"Total";"Total";"141";"97"
"3509502";"Campinas (SP)";"Total";"Total";"Total";"582";"273"
"3509601";"Campo Limpo Paulista (SP)";"Total";"Total";"Total";"15";"11"
"3509700";"Campos do Jordão (SP)";"Total";"Total";"Total";"34";"13"
"3509809";"Campos Novos Paulista (SP)";"Total";"Total";"Total";"191";"117"
"3509908";"Cananéia (SP)";"Total";"Total";"Total";"115";"48"
"3509957";"Canas (SP)";"Total";"Total";"Total";"41";"31"
"3510005";"Cândido Mota (SP)";"Total";"Total";"Total";"351";"213"
"3510104";"Cândido Rodrigues (SP)";"Total";"Total";"Total";"134";"83"
"3510153";"Canitar (SP)";"Total";"Total";"Total";"21";"9"
"3510203";"Capão Bonito (SP)";"Total";"Total";"Total";"760";"488"
"3510302";"Capela do Alto (SP)";"Total";"Total";"Total";"157";"100"
"3510401";"Capivari (SP)";"Total";"Total";"Total";"133";"58"
"3510500";"Caraguatatuba (SP)";"Total";"Total";"Total";"87";"51"
"3510708";"Cardoso (SP)";"Total";"Total";"Total";"263";"186"
"3510807";"Casa Branca (SP)";"Total";"Total";"Total";"504";"286"
"3510906";"Cássia dos Coqueiros (SP)";"Total";"Total";"Total";"320";"221"
"3511003";"Castilho (SP)";"Total";"Total";"Total";"1199";"999"
"3511102";"Catanduva (SP)";"Total";"Total";"Total";"157";"102"
"3511201";"Catiguá (SP)";"Total";"Total";"Total";"48";"34"
"3511300";"Cedral (SP)";"Total";"Total";"Total";"298";"189"
"3511409";"Cerqueira César (SP)";"Total";"Total";"Total";"394";"217"
"3511508";"Cerquilho (SP)";"Total";"Total";"Total";"180";"124"
"3511607";"Cesário Lange (SP)";"Total";"Total";"Total";"197";"100"
"3511706";"Charqueada (SP)";"Total";"Total";"Total";"107";"50"
"3511904";"Clementina (SP)";"Total";"Total";"Total";"127";"80"
"3512001";"Colina (SP)";"Total";"Total";"Total";"200";"88"
"3512100";"Colômbia (SP)";"Total";"Total";"Total";"221";"137"
"3512209";"Conchal (SP)";"Total";"Total";"Total";"359";"245"
"3512308";"Conchas (SP)";"Total";"Total";"Total";"509";"410"
"3512407";"Cordeirópolis (SP)";"Total";"Total";"Total";"120";"102"
"3512506";"Coroados (SP)";"Total";"Total";"Total";"332";"230"
"3512605";"Coronel Macedo (SP)";"Total";"Total";"Total";"284";"166"
"3512704";"Corumbataí (SP)";"Total";"Total";"Total";"355";"165"
"3512803";"Cosmópolis (SP)";"Total";"Total";"Total";"178";"119"
"3512902";"Cosmorama (SP)";"Total";"Total";"Total";"598";"406"
"3513009";"Cotia (SP)";"Total";"Total";"Total";"183";"122"
"3513108";"Cravinhos (SP)";"Total";"Total";"Total";"113";"32"
"3513207";"Cristais Paulista (SP)";"Total";"Total";"Total";"444";"201"
"3513306";"Cruzália (SP)";"Total";"Total";"Total";"97";"58"
"3513405";"Cruzeiro (SP)";"Total";"Total";"Total";"192";"105"
"3513504";"Cubatão (SP)";"Total";"Total";"Total";"3";"1"
"3513603";"Cunha (SP)";"Total";"Total";"Total";"2287";"1691"
"3513702";"Descalvado (SP)";"Total";"Total";"Total";"396";"235"
"3513801";"Diadema (SP)";"Total";"Total";"Total";"16";"15"
"3513850";"Dirce Reis (SP)";"Total";"Total";"Total";"131";"116"
"3513900";"Divinolândia (SP)";"Total";"Total";"Total";"633";"513"
"3514007";"Dobrada (SP)";"Total";"Total";"Total";"29";"10"
"3514106";"Dois Córregos (SP)";"Total";"Total";"Total";"367";"225"
"3514205";"Dolcinópolis (SP)";"Total";"Total";"Total";"107";"64"
"3514304";"Dourado (SP)";"Total";"Total";"Total";"63";"18"
"3514403";"Dracena (SP)";"Total";"Total";"Total";"572";"410"
"3514502";"Duartina (SP)";"Total";"Total";"Total";"248";"125"
"3514601";"Dumont (SP)";"Total";"Total";"Total";"178";"116"
"3514700";"Echaporã (SP)";"Total";"Total";"Total";"272";"144"
"3514809";"Eldorado (SP)";"Total";"Total";"Total";"848";"531"
"3514908";"Elias Fausto (SP)";"Total";"Total";"Total";"295";"184"
"3514924";"Elisiário (SP)";"Total";"Total";"Total";"49";"29"
"3514957";"Embaúba (SP)";"Total";"Total";"Total";"63";"31"
"3515004";"Embu das Artes (SP)";"Total";"Total";"Total";"27";"18"
"3515103";"Embu-Guaçu (SP)";"Total";"Total";"Total";"105";"58"
"3515129";"Emilianópolis (SP)";"Total";"Total";"Total";"194";"103"
"3515152";"Engenheiro Coelho (SP)";"Total";"Total";"Total";"317";"187"
"3515186";"Espírito Santo do Pinhal (SP)";"Total";"Total";"Total";"481";"276"
"3515194";"Espírito Santo do Turvo (SP)";"Total";"Total";"Total";"97";"42"
"3515202";"Estrela d'Oeste (SP)";"Total";"Total";"Total";"270";"205"
"3515301";"Estrela do Norte (SP)";"Total";"Total";"Total";"136";"87"
"3515350";"Euclides da Cunha Paulista (SP)";"Total";"Total";"Total";"751";"667"
"3515400";"Fartura (SP)";"Total";"Total";"Total";"475";"336"
"3515509";"Fernandópolis (SP)";"Total";"Total";"Total";"584";"437"
"3515608";"Fernando Prestes (SP)";"Total";"Total";"Total";"313";"228"
"3515657";"Fernão (SP)";"Total";"Total";"Total";"205";"126"
"3515707";"Ferraz de Vasconcelos (SP)";"Total";"Total";"Total";"16";"9"
"3515806";"Flora Rica (SP)";"Total";"Total";"Total";"109";"52"
"3515905";"Floreal (SP)";"Total";"Total";"Total";"230";"184"
"3516002";"Flórida Paulista (SP)";"Total";"Total";"Total";"512";"345"
"3516101";"Florínea (SP)";"Total";"Total";"Total";"46";"20"
"3516200";"Franca (SP)";"Total";"Total";"Total";"541";"296"
"3516309";"Francisco Morato (SP)";"Total";"Total";"Total";"26";"22"
"3516408";"Franco da Rocha (SP)";"Total";"Total";"Total";"137";"70"
"3516507";"Gabriel Monteiro (SP)";"Total";"Total";"Total";"178";"133"
"3516606";"Gália (SP)";"Total";"Total";"Total";"316";"186"
"3516705";"Garça (SP)";"Total";"Total";"Total";"578";"254"
"3516804";"Gastão Vidigal (SP)";"Total";"Total";"Total";"209";"137"
"3516853";"Gavião Peixoto (SP)";"Total";"Total";"Total";"56";"29"
"3516903";"General Salgado (SP)";"Total";"Total";"Total";"354";"222"
"3517000";"Getulina (SP)";"Total";"Total";"Total";"218";"130"
"3517109";"Glicério (SP)";"Total";"Total";"Total";"248";"201"
"3517208";"Guaiçara (SP)";"Total";"Total";"Total";"124";"87"
"3517307";"Guaimbê (SP)";"Total";"Total";"Total";"86";"36"
"3517406";"Guaíra (SP)";"Total";"Total";"Total";"313";"149"
"3517505";"Guapiaçu (SP)";"Total";"Total";"Total";"510";"331"
"3517604";"Guapiara (SP)";"Total";"Total";"Total";"819";"737"
"3517703";"Guará (SP)";"Total";"Total";"Total";"146";"78"
"3517802";"Guaraçaí (SP)";"Total";"Total";"Total";"402";"263"
"3517901";"Guaraci (SP)";"Total";"Total";"Total";"189";"119"
"3518008";"Guarani d'Oeste (SP)";"Total";"Total";"Total";"93";"60"
"3518107";"Guarantã (SP)";"Total";"Total";"Total";"298";"193"
"3518206";"Guararapes (SP)";"Total";"Total";"Total";"362";"194"
"3518305";"Guararema (SP)";"Total";"Total";"Total";"221";"123"
"3518404";"Guaratinguetá (SP)";"Total";"Total";"Total";"372";"181"
"3518503";"Guareí (SP)";"Total";"Total";"Total";"764";"530"
"3518602";"Guariba (SP)";"Total";"Total";"Total";"82";"49"
"3518701";"Guarujá (SP)";"Total";"Total";"Total";"9";"9"
"3518800";"Guarulhos (SP)";"Total";"Total";"Total";"83";"59"
"3518859";"Guatapará (SP)";"Total";"Total";"Total";"169";"111"
"3518909";"Guzolândia (SP)";"Total";"Total";"Total";"165";"92"
"3519006";"Herculândia (SP)";"Total";"Total";"Total";"428";"261"
"3519055";"Holambra (SP)";"Total";"Total";"Total";"218";"89"
"3519071";"Hortolândia (SP)";"Total";"Total";"Total";"19";"11"
"3519105";"Iacanga (SP)";"Total";"Total";"Total";"171";"84"
"3519204";"Iacri (SP)";"Total";"Total";"Total";"241";"139"
"3519253";"Iaras (SP)";"Total";"Total";"Total";"432";"313"
"3519303";"Ibaté (SP)";"Total";"Total";"Total";"57";"30"
"3519402";"Ibirá (SP)";"Total";"Total";"Total";"244";"126"
"3519501";"Ibirarema (SP)";"Total";"Total";"Total";"139";"89"
"3519600";"Ibitinga (SP)";"Total";"Total";"Total";"403";"172"
"3519709";"Ibiúna (SP)";"Total";"Total";"Total";"1240";"960"
"3519808";"Icém (SP)";"Total";"Total";"Total";"86";"43"
"3519907";"Iepê (SP)";"Total";"Total";"Total";"266";"189"
"3520004";"Igaraçu do Tietê (SP)";"Total";"Total";"Total";"42";"21"
"3520103";"Igarapava (SP)";"Total";"Total";"Total";"209";"118"
"3520202";"Igaratá (SP)";"Total";"Total";"Total";"120";"47"
"3520301";"Iguape (SP)";"Total";"Total";"Total";"476";"321"
"3520400";"Ilhabela (SP)";"Total";"Total";"Total";"13";"8"
"3520426";"Ilha Comprida (SP)";"Total";"Total";"Total";"6";"6"
"3520442";"Ilha Solteira (SP)";"Total";"Total";"Total";"342";"286"
"3520509";"Indaiatuba (SP)";"Total";"Total";"Total";"332";"230"
"3520608";"Indiana (SP)";"Total";"Total";"Total";"215";"135"
"3520707";"Indiaporã (SP)";"Total";"Total";"Total";"201";"134"
"3520806";"Inúbia Paulista (SP)";"Total";"Total";"Total";"114";"91"
"3520905";"Ipaussu (SP)";"Total";"Total";"Total";"42";"29"
"3521002";"Iperó (SP)";"Total";"Total";"Total";"160";"130"
"3521101";"Ipeúna (SP)";"Total";"Total";"Total";"219";"120"
"3521150";"Ipiguá (SP)";"Total";"Total";"Total";"152";"81"
"3521200";"Iporanga (SP)";"Total";"Total";"Total";"363";"215"
"3521309";"Ipuã (SP)";"Total";"Total";"Total";"105";"45"
"3521408";"Iracemápolis (SP)";"Total";"Total";"Total";"28";"16"
"3521507";"Irapuã (SP)";"Total";"Total";"Total";"211";"127"
"3521606";"Irapuru (SP)";"Total";"Total";"Total";"379";"288"
"3521705";"Itaberá (SP)";"Total";"Total";"Total";"946";"703"
"3521804";"Itaí (SP)";"Total";"Total";"Total";"613";"375"
"3521903";"Itajobi (SP)";"Total";"Total";"Total";"595";"477"
"3522000";"Itaju (SP)";"Total";"Total";"Total";"205";"139"
"3522109";"Itanhaém (SP)";"Total";"Total";"Total";"57";"35"
"3522158";"Itaoca (SP)";"Total";"Total";"Total";"127";"65"
"3522208";"Itapecerica da Serra (SP)";"Total";"Total";"Total";"87";"62"
"3522307";"Itapetininga (SP)";"Total";"Total";"Total";"1291";"931"
"3522406";"Itapeva (SP)";"Total";"Total";"Total";"1231";"823"
"3522505";"Itapevi (SP)";"Total";"Total";"Total";"5";"2"
"3522604";"Itapira (SP)";"Total";"Total";"Total";"495";"322"
"3522653";"Itapirapuã Paulista (SP)";"Total";"Total";"Total";"310";"157"
"3522703";"Itápolis (SP)";"Total";"Total";"Total";"782";"437"
"3522802";"Itaporanga (SP)";"Total";"Total";"Total";"924";"678"
"3522901";"Itapuí (SP)";"Total";"Total";"Total";"80";"44"
"3523008";"Itapura (SP)";"Total";"Total";"Total";"261";"207"
"3523107";"Itaquaquecetuba (SP)";"Total";"Total";"Total";"49";"34"
"3523206";"Itararé (SP)";"Total";"Total";"Total";"682";"500"
"3523305";"Itariri (SP)";"Total";"Total";"Total";"214";"126"
"3523404";"Itatiba (SP)";"Total";"Total";"Total";"331";"202"
"3523503";"Itatinga (SP)";"Total";"Total";"Total";"216";"96"
"3523602";"Itirapina (SP)";"Total";"Total";"Total";"228";"70"
"3523701";"Itirapuã (SP)";"Total";"Total";"Total";"205";"116"
"3523800";"Itobi (SP)";"Total";"Total";"Total";"125";"68"
"3523909";"Itu (SP)";"Total";"Total";"Total";"247";"68"
"3524006";"Itupeva (SP)";"Total";"Total";"Total";"116";"63"
"3524105";"Ituverava (SP)";"Total";"Total";"Total";"247";"120"
"3524204";"Jaborandi (SP)";"Total";"Total";"Total";"136";"66"
"3524303";"Jaboticabal (SP)";"Total";"Total";"Total";"301";"139"
"3524402";"Jacareí (SP)";"Total";"Total";"Total";"398";"193"
"3524501";"Jaci (SP)";"Total";"Total";"Total";"163";"76"
"3524600";"Jacupiranga (SP)";"Total";"Total";"Total";"505";"370"
"3524709";"Jaguariúna (SP)";"Total";"Total";"Total";"67";"27"
"3524808";"Jales (SP)";"Total";"Total";"Total";"1012";"719"
"3524907";"Jambeiro (SP)";"Total";"Total";"Total";"105";"65"
"3525102";"Jardinópolis (SP)";"Total";"Total";"Total";"231";"130"
"3525201";"Jarinu (SP)";"Total";"Total";"Total";"188";"108"
"3525300";"Jaú (SP)";"Total";"Total";"Total";"333";"148"
"3525409";"Jeriquara (SP)";"Total";"Total";"Total";"80";"25"
"3525508";"Joanópolis (SP)";"Total";"Total";"Total";"210";"133"
"3525607";"João Ramalho (SP)";"Total";"Total";"Total";"283";"156"
"3525706";"José Bonifácio (SP)";"Total";"Total";"Total";"648";"403"
"3525805";"Júlio Mesquita (SP)";"Total";"Total";"Total";"58";"11"
"3525854";"Jumirim (SP)";"Total";"Total";"Total";"113";"83"
"3525904";"Jundiaí (SP)";"Total";"Total";"Total";"399";"271"
"3526001";"Junqueirópolis (SP)";"Total";"Total";"Total";"537";"386"
"3526100";"Juquiá (SP)";"Total";"Total";"Total";"376";"215"
"3526209";"Juquitiba (SP)";"Total";"Total";"Total";"123";"70"
"3526308";"Lagoinha (SP)";"Total";"Total";"Total";"257";"158"
"3526407";"Laranjal Paulista (SP)";"Total";"Total";"Total";"461";"353"
"3526506";"Lavínia (SP)";"Total";"Total";"Total";"276";"163"
"3526605";"Lavrinhas (SP)";"Total";"Total";"Total";"61";"19"
"3526704";"Leme (SP)";"Total";"Total";"Total";"267";"192"
"3526803";"Lençóis Paulista (SP)";"Total";"Total";"Total";"273";"180"
"3526902";"Limeira (SP)";"Total";"Total";"Total";"936";"661"
"3527009";"Lindóia (SP)";"Total";"Total";"Total";"64";"29"
"3527108";"Lins (SP)";"Total";"Total";"Total";"137";"72"
"3527207";"Lorena (SP)";"Total";"Total";"Total";"189";"92"
"3527256";"Lourdes (SP)";"Total";"Total";"Total";"112";"69"
"3527306";"Louveira (SP)";"Total";"Total";"Total";"136";"97"
"3527405";"Lucélia (SP)";"Total";"Total";"Total";"443";"297"
"3527504";"Lucianópolis (SP)";"Total";"Total";"Total";"133";"62"
"3527603";"Luís Antônio (SP)";"Total";"Total";"Total";"55";"21"
"3527702";"Luiziânia (SP)";"Total";"Total";"Total";"182";"125"
"3527801";"Lupércio (SP)";"Total";"Total";"Total";"192";"104"
"3527900";"Lutécia (SP)";"Total";"Total";"Total";"159";"66"
"3528007";"Macatuba (SP)";"Total";"Total";"Total";"79";"47"
"3528106";"Macaubal (SP)";"Total";"Total";"Total";"451";"391"
"3528205";"Macedônia (SP)";"Total";"Total";"Total";"327";"252"
"3528304";"Magda (SP)";"Total";"Total";"Total";"172";"121"
"3528403";"Mairinque (SP)";"Total";"Total";"Total";"117";"62"
"3528502";"Mairiporã (SP)";"Total";"Total";"Total";"72";"37"
"3528601";"Manduri (SP)";"Total";"Total";"Total";"191";"147"
"3528700";"Marabá Paulista (SP)";"Total";"Total";"Total";"489";"351"
"3528809";"Maracaí (SP)";"Total";"Total";"Total";"217";"143"
"3528858";"Marapoama (SP)";"Total";"Total";"Total";"148";"115"
"3528908";"Mariápolis (SP)";"Total";"Total";"Total";"387";"293"
"3529005";"Marília (SP)";"Total";"Total";"Total";"881";"398"
"3529104";"Marinópolis (SP)";"Total";"Total";"Total";"155";"73"
"3529203";"Martinópolis (SP)";"Total";"Total";"Total";"559";"366"
"3529302";"Matão (SP)";"Total";"Total";"Total";"171";"86"
"3529401";"Mauá (SP)";"Total";"Total";"Total";"34";"29"
"3529500";"Mendonça (SP)";"Total";"Total";"Total";"285";"200"
"3529609";"Meridiano (SP)";"Total";"Total";"Total";"205";"149"
"3529658";"Mesópolis (SP)";"Total";"Total";"Total";"198";"119"
"3529708";"Miguelópolis (SP)";"Total";"Total";"Total";"195";"96"
"3529807";"Mineiros do Tietê (SP)";"Total";"Total";"Total";"94";"60"
"3529906";"Miracatu (SP)";"Total";"Total";"Total";"675";"482"
"3530003";"Mira Estrela (SP)";"Total";"Total";"Total";"221";"149"
"3530102";"Mirandópolis (SP)";"Total";"Total";"Total";"1013";"712"
"3530201";"Mirante do Paranapanema (SP)";"Total";"Total";"Total";"2097";"1832"
"3530300";"Mirassol (SP)";"Total";"Total";"Total";"359";"142"
"3530409";"Mirassolândia (SP)";"Total";"Total";"Total";"193";"118"
"3530508";"Mococa (SP)";"Total";"Total";"Total";"454";"268"
"3530607";"Mogi das Cruzes (SP)";"Total";"Total";"Total";"1379";"929"
"3530706";"Mogi Guaçu (SP)";"Total";"Total";"Total";"509";"305"
"3530805";"Mogi Mirim (SP)";"Total";"Total";"Total";"716";"559"
"3530904";"Mombuca (SP)";"Total";"Total";"Total";"54";"23"
"3531001";"Monções (SP)";"Total";"Total";"Total";"112";"61"
"3531100";"Mongaguá (SP)";"Total";"Total";"Total";"43";"38"
"3531209";"Monte Alegre do Sul (SP)";"Total";"Total";"Total";"148";"105"
"3531308";"Monte Alto (SP)";"Total";"Total";"Total";"497";"321"
"3531407";"Monte Aprazível (SP)";"Total";"Total";"Total";"825";"552"
"3531506";"Monte Azul Paulista (SP)";"Total";"Total";"Total";"220";"94"
"3531605";"Monte Castelo (SP)";"Total";"Total";"Total";"265";"184"
"3531704";"Monteiro Lobato (SP)";"Total";"Total";"Total";"139";"56"
"3531803";"Monte Mor (SP)";"Total";"Total";"Total";"226";"125"
"3531902";"Morro Agudo (SP)";"Total";"Total";"Total";"208";"63"
"3532009";"Morungaba (SP)";"Total";"Total";"Total";"145";"84"
"3532058";"Motuca (SP)";"Total";"Total";"Total";"184";"155"
"3532108";"Murutinga do Sul (SP)";"Total";"Total";"Total";"489";"429"
"3532157";"Nantes (SP)";"Total";"Total";"Total";"56";"21"
"3532207";"Narandiba (SP)";"Total";"Total";"Total";"138";"96"
"3532306";"Natividade da Serra (SP)";"Total";"Total";"Total";"563";"343"
"3532405";"Nazaré Paulista (SP)";"Total";"Total";"Total";"298";"179"
"3532504";"Neves Paulista (SP)";"Total";"Total";"Total";"274";"181"
"3532603";"Nhandeara (SP)";"Total";"Total";"Total";"673";"533"
"3532702";"Nipoã (SP)";"Total";"Total";"Total";"136";"99"
"3532801";"Nova Aliança (SP)";"Total";"Total";"Total";"209";"130"
"3532827";"Nova Campina (SP)";"Total";"Total";"Total";"154";"81"
"3532843";"Nova Canaã Paulista (SP)";"Total";"Total";"Total";"342";"213"
"3532868";"Nova Castilho (SP)";"Total";"Total";"Total";"106";"60"
"3532900";"Nova Europa (SP)";"Total";"Total";"Total";"76";"48"
"3533007";"Nova Granada (SP)";"Total";"Total";"Total";"430";"271"
"3533106";"Nova Guataporanga (SP)";"Total";"Total";"Total";"89";"68"
"3533205";"Nova Independência (SP)";"Total";"Total";"Total";"127";"70"
"3533254";"Novais (SP)";"Total";"Total";"Total";"91";"55"
"3533304";"Nova Luzitânia (SP)";"Total";"Total";"Total";"98";"84"
"3533403";"Nova Odessa (SP)";"Total";"Total";"Total";"36";"26"
"3533502";"Novo Horizonte (SP)";"Total";"Total";"Total";"669";"451"
"3533601";"Nuporanga (SP)";"Total";"Total";"Total";"197";"112"
"3533700";"Ocauçu (SP)";"Total";"Total";"Total";"340";"190"
"3533809";"Óleo (SP)";"Total";"Total";"Total";"336";"252"
"3533908";"Olímpia (SP)";"Total";"Total";"Total";"605";"327"
"3534005";"Onda Verde (SP)";"Total";"Total";"Total";"73";"44"
"3534104";"Oriente (SP)";"Total";"Total";"Total";"97";"31"
"3534203";"Orindiúva (SP)";"Total";"Total";"Total";"110";"57"
"3534302";"Orlândia (SP)";"Total";"Total";"Total";"89";"52"
"3534401";"Osasco (SP)";"Total";"Total";"Total";"16";"12"
"3534500";"Oscar Bressane (SP)";"Total";"Total";"Total";"187";"109"
"3534609";"Osvaldo Cruz (SP)";"Total";"Total";"Total";"660";"500"
"3534708";"Ourinhos (SP)";"Total";"Total";"Total";"173";"122"
"3534757";"Ouroeste (SP)";"Total";"Total";"Total";"231";"125"
"3534807";"Ouro Verde (SP)";"Total";"Total";"Total";"162";"88"
"3534906";"Pacaembu (SP)";"Total";"Total";"Total";"539";"395"
"3535002";"Palestina (SP)";"Total";"Total";"Total";"642";"399"
"3535101";"Palmares Paulista (SP)";"Total";"Total";"Total";"31";"15"
"3535200";"Palmeira d'Oeste (SP)";"Total";"Total";"Total";"784";"620"
"3535309";"Palmital (SP)";"Total";"Total";"Total";"401";"206"
"3535408";"Panorama (SP)";"Total";"Total";"Total";"134";"58"
"3535507";"Paraguaçu Paulista (SP)";"Total";"Total";"Total";"613";"395"
"3535606";"Paraibuna (SP)";"Total";"Total";"Total";"368";"219"
"3535705";"Paraíso (SP)";"Total";"Total";"Total";"81";"53"
"3535804";"Paranapanema (SP)";"Total";"Total";"Total";"582";"249"
"3535903";"Paranapuã (SP)";"Total";"Total";"Total";"156";"102"
"3536000";"Parapuã (SP)";"Total";"Total";"Total";"505";"313"
"3536109";"Pardinho (SP)";"Total";"Total";"Total";"99";"39"
"3536208";"Pariquera-Açu (SP)";"Total";"Total";"Total";"321";"227"
"3536257";"Parisi (SP)";"Total";"Total";"Total";"193";"132"
"3536307";"Patrocínio Paulista (SP)";"Total";"Total";"Total";"375";"200"
"3536406";"Paulicéia (SP)";"Total";"Total";"Total";"246";"176"
"3536505";"Paulínia (SP)";"Total";"Total";"Total";"42";"21"
"3536570";"Paulistânia (SP)";"Total";"Total";"Total";"168";"115"
"3536604";"Paulo de Faria (SP)";"Total";"Total";"Total";"186";"94"
"3536703";"Pederneiras (SP)";"Total";"Total";"Total";"613";"470"
"3536802";"Pedra Bela (SP)";"Total";"Total";"Total";"266";"198"
"3536901";"Pedranópolis (SP)";"Total";"Total";"Total";"355";"304"
"3537008";"Pedregulho (SP)";"Total";"Total";"Total";"429";"235"
"3537107";"Pedreira (SP)";"Total";"Total";"Total";"64";"40"
"3537156";"Pedrinhas Paulista (SP)";"Total";"Total";"Total";"116";"72"
"3537206";"Pedro de Toledo (SP)";"Total";"Total";"Total";"183";"106"
"3537305";"Penápolis (SP)";"Total";"Total";"Total";"645";"442"
"3537404";"Pereira Barreto (SP)";"Total";"Total";"Total";"446";"332"
"3537503";"Pereiras (SP)";"Total";"Total";"Total";"269";"218"
"3537602";"Peruíbe (SP)";"Total";"Total";"Total";"104";"67"
"3537701";"Piacatu (SP)";"Total";"Total";"Total";"228";"174"
"3537800";"Piedade (SP)";"Total";"Total";"Total";"1722";"1326"
"3537909";"Pilar do Sul (SP)";"Total";"Total";"Total";"692";"550"
"3538006";"Pindamonhangaba (SP)";"Total";"Total";"Total";"301";"132"
"3538105";"Pindorama (SP)";"Total";"Total";"Total";"180";"115"
"3538204";"Pinhalzinho (SP)";"Total";"Total";"Total";"307";"237"
"3538303";"Piquerobi (SP)";"Total";"Total";"Total";"329";"202"
"3538501";"Piquete (SP)";"Total";"Total";"Total";"87";"49"
"3538600";"Piracaia (SP)";"Total";"Total";"Total";"305";"160"
"3538709";"Piracicaba (SP)";"Total";"Total";"Total";"691";"357"
"3538808";"Piraju (SP)";"Total";"Total";"Total";"420";"217"
"3538907";"Pirajuí (SP)";"Total";"Total";"Total";"331";"185"
"3539004";"Pirangi (SP)";"Total";"Total";"Total";"311";"198"
"3539103";"Pirapora do Bom Jesus (SP)";"Total";"Total";"Total";"11";"6"
"3539202";"Pirapozinho (SP)";"Total";"Total";"Total";"255";"142"
"3539301";"Pirassununga (SP)";"Total";"Total";"Total";"579";"409"
"3539400";"Piratininga (SP)";"Total";"Total";"Total";"339";"172"
"3539509";"Pitangueiras (SP)";"Total";"Total";"Total";"222";"151"
"3539608";"Planalto (SP)";"Total";"Total";"Total";"118";"67"
"3539707";"Platina (SP)";"Total";"Total";"Total";"220";"144"
"3539806";"Poá (SP)";"Total";"Total";"Total";"7";"4"
"3539905";"Poloni (SP)";"Total";"Total";"Total";"203";"129"
"3540002";"Pompéia (SP)";"Total";"Total";"Total";"296";"111"
"3540101";"Pongaí (SP)";"Total";"Total";"Total";"137";"70"
"3540200";"Pontal (SP)";"Total";"Total";"Total";"50";"22"
"3540259";"Pontalinda (SP)";"Total";"Total";"Total";"233";"161"
"3540309";"Pontes Gestal (SP)";"Total";"Total";"Total";"116";"98"
"3540408";"Populina (SP)";"Total";"Total";"Total";"225";"129"
"3540507";"Porangaba (SP)";"Total";"Total";"Total";"391";"289"
"3540606";"Porto Feliz (SP)";"Total";"Total";"Total";"442";"254"
"3540705";"Porto Ferreira (SP)";"Total";"Total";"Total";"141";"72"
"3540754";"Potim (SP)";"Total";"Total";"Total";"34";"17"
"3540804";"Potirendaba (SP)";"Total";"Total";"Total";"726";"610"
"3540853";"Pracinha (SP)";"Total";"Total";"Total";"94";"60"
"3540903";"Pradópolis (SP)";"Total";"Total";"Total";"219";"155"
"3541059";"Pratânia (SP)";"Total";"Total";"Total";"88";"36"
"3541109";"Presidente Alves (SP)";"Total";"Total";"Total";"182";"116"
"3541208";"Presidente Bernardes (SP)";"Total";"Total";"Total";"972";"680"
"3541307";"Presidente Epitácio (SP)";"Total";"Total";"Total";"722";"606"
"3541406";"Presidente Prudente (SP)";"Total";"Total";"Total";"533";"390"
"3541505";"Presidente Venceslau (SP)";"Total";"Total";"Total";"612";"461"
"3541604";"Promissão (SP)";"Total";"Total";"Total";"1058";"907"
"3541653";"Quadra (SP)";"Total";"Total";"Total";"204";"113"
"3541703";"Quatá (SP)";"Total";"Total";"Total";"246";"142"
"3541802";"Queiroz (SP)";"Total";"Total";"Total";"66";"28"
"3541901";"Queluz (SP)";"Total";"Total";"Total";"50";"18"
"3542008";"Quintana (SP)";"Total";"Total";"Total";"134";"49"
"3542107";"Rafard (SP)";"Total";"Total";"Total";"69";"28"
"3542206";"Rancharia (SP)";"Total";"Total";"Total";"806";"539"
"3542305";"Redenção da Serra (SP)";"Total";"Total";"Total";"271";"155"
"3542404";"Regente Feijó (SP)";"Total";"Total";"Total";"285";"148"
"3542503";"Reginópolis (SP)";"Total";"Total";"Total";"124";"84"
"3542602";"Registro (SP)";"Total";"Total";"Total";"627";"332"
"3542701";"Restinga (SP)";"Total";"Total";"Total";"227";"173"
"3542800";"Ribeira (SP)";"Total";"Total";"Total";"208";"125"
"3542909";"Ribeirão Bonito (SP)";"Total";"Total";"Total";"237";"96"
"3543006";"Ribeirão Branco (SP)";"Total";"Total";"Total";"957";"607"
"3543105";"Ribeirão Corrente (SP)";"Total";"Total";"Total";"199";"127"
"3543204";"Ribeirão do Sul (SP)";"Total";"Total";"Total";"253";"181"
"3543238";"Ribeirão dos Índios (SP)";"Total";"Total";"Total";"125";"85"
"3543253";"Ribeirão Grande (SP)";"Total";"Total";"Total";"331";"243"
"3543303";"Ribeirão Pires (SP)";"Total";"Total";"Total";"12";"8"
"3543402";"Ribeirão Preto (SP)";"Total";"Total";"Total";"655";"420"
"3543501";"Riversul (SP)";"Total";"Total";"Total";"422";"306"
"3543600";"Rifaina (SP)";"Total";"Total";"Total";"40";"15"
"3543709";"Rincão (SP)";"Total";"Total";"Total";"76";"48"
"3543808";"Rinópolis (SP)";"Total";"Total";"Total";"370";"249"
"3543907";"Rio Claro (SP)";"Total";"Total";"Total";"798";"381"
"3544004";"Rio das Pedras (SP)";"Total";"Total";"Total";"75";"45"
"3544103";"Rio Grande da Serra (SP)";"Total";"Total";"Total";"5";"5"
"3544202";"Riolândia (SP)";"Total";"Total";"Total";"180";"94"
"3544251";"Rosana (SP)";"Total";"Total";"Total";"792";"657"
"3544301";"Roseira (SP)";"Total";"Total";"Total";"56";"24"
"3544400";"Rubiácea (SP)";"Total";"Total";"Total";"87";"37"
"3544509";"Rubinéia (SP)";"Total";"Total";"Total";"154";"108"
"3544608";"Sabino (SP)";"Total";"Total";"Total";"98";"59"
"3544707";"Sagres (SP)";"Total";"Total";"Total";"216";"174"
"3544806";"Sales (SP)";"Total";"Total";"Total";"187";"91"
"3544905";"Sales Oliveira (SP)";"Total";"Total";"Total";"103";"30"
"3545001";"Salesópolis (SP)";"Total";"Total";"Total";"332";"207"
"3545100";"Salmourão (SP)";"Total";"Total";"Total";"173";"124"
"3545159";"Saltinho (SP)";"Total";"Total";"Total";"89";"53"
"3545209";"Salto (SP)";"Total";"Total";"Total";"73";"36"
"3545308";"Salto de Pirapora (SP)";"Total";"Total";"Total";"224";"108"
"3545407";"Salto Grande (SP)";"Total";"Total";"Total";"159";"97"
"3545506";"Sandovalina (SP)";"Total";"Total";"Total";"261";"190"
"3545605";"Santa Adélia (SP)";"Total";"Total";"Total";"178";"125"
"3545704";"Santa Albertina (SP)";"Total";"Total";"Total";"393";"259"
"3545803";"Santa Bárbara d'Oeste (SP)";"Total";"Total";"Total";"75";"45"
"3546009";"Santa Branca (SP)";"Total";"Total";"Total";"94";"37"
"3546108";"Santa Clara d'Oeste (SP)";"Total";"Total";"Total";"210";"146"
"3546207";"Santa Cruz da Conceição (SP)";"Total";"Total";"Total";"145";"94"
"3546256";"Santa Cruz da Esperança (SP)";"Total";"Total";"Total";"63";"41"
"3546306";"Santa Cruz das Palmeiras (SP)";"Total";"Total";"Total";"108";"58"
"3546405";"Santa Cruz do Rio Pardo (SP)";"Total";"Total";"Total";"653";"474"
"3546504";"Santa Ernestina (SP)";"Total";"Total";"Total";"58";"31"
"3546603";"Santa Fé do Sul (SP)";"Total";"Total";"Total";"466";"338"
"3546702";"Santa Gertrudes (SP)";"Total";"Total";"Total";"35";"19"
"3546801";"Santa Isabel (SP)";"Total";"Total";"Total";"304";"194"
"3546900";"Santa Lúcia (SP)";"Total";"Total";"Total";"33";"10"
"3547007";"Santa Maria da Serra (SP)";"Total";"Total";"Total";"124";"49"
"3547106";"Santa Mercedes (SP)";"Total";"Total";"Total";"109";"67"
"3547205";"Santana da Ponte Pensa (SP)";"Total";"Total";"Total";"318";"283"
"3547304";"Santana de Parnaíba (SP)";"Total";"Total";"Total";"21";"13"
"3547403";"Santa Rita d'Oeste (SP)";"Total";"Total";"Total";"410";"298"
"3547502";"Santa Rita do Passa Quatro (SP)";"Total";"Total";"Total";"549";"364"
"3547601";"Santa Rosa de Viterbo (SP)";"Total";"Total";"Total";"271";"194"
"3547650";"Santa Salete (SP)";"Total";"Total";"Total";"219";"170"
"3547700";"Santo Anastácio (SP)";"Total";"Total";"Total";"495";"343"
"3547809";"Santo André (SP)";"Total";"Total";"Total";"55";"46"
"3547908";"Santo Antônio da Alegria (SP)";"Total";"Total";"Total";"502";"363"
"3548005";"Santo Antônio de Posse (SP)";"Total";"Total";"Total";"205";"127"
"3548054";"Santo Antônio do Aracanguá (SP)";"Total";"Total";"Total";"425";"217"
"3548104";"Santo Antônio do Jardim (SP)";"Total";"Total";"Total";"269";"195"
"3548203";"Santo Antônio do Pinhal (SP)";"Total";"Total";"Total";"166";"101"
"3548302";"Santo Expedito (SP)";"Total";"Total";"Total";"172";"117"
"3548401";"Santópolis do Aguapeí (SP)";"Total";"Total";"Total";"87";"44"
"3548500";"Santos (SP)";"Total";"Total";"Total";"1";"-"
"3548609";"São Bento do Sapucaí (SP)";"Total";"Total";"Total";"576";"368"
"3548708";"São Bernardo do Campo (SP)";"Total";"Total";"Total";"62";"52"
"3548807";"São Caetano do Sul (SP)";"Total";"Total";"Total";"5";"5"
"3548906";"São Carlos (SP)";"Total";"Total";"Total";"508";"319"
"3549003";"São Francisco (SP)";"Total";"Total";"Total";"255";"177"
"3549102";"São João da Boa Vista (SP)";"Total";"Total";"Total";"582";"386"
"3549201";"São João das Duas Pontes (SP)";"Total";"Total";"Total";"85";"57"
"3549250";"São João de Iracema (SP)";"Total";"Total";"Total";"120";"82"
"3549300";"São João do Pau d'Alho (SP)";"Total";"Total";"Total";"182";"118"
"3549409";"São Joaquim da Barra (SP)";"Total";"Total";"Total";"143";"73"
"3549508";"São José da Bela Vista (SP)";"Total";"Total";"Total";"193";"119"
"3549607";"São José do Barreiro (SP)";"Total";"Total";"Total";"222";"134"
"3549706";"São José do Rio Pardo (SP)";"Total";"Total";"Total";"490";"326"
"3549805";"São José do Rio Preto (SP)";"Total";"Total";"Total";"502";"270"
"3549904";"São José dos Campos (SP)";"Total";"Total";"Total";"544";"263"
"3549953";"São Lourenço da Serra (SP)";"Total";"Total";"Total";"86";"42"
"3550001";"São Luiz do Paraitinga (SP)";"Total";"Total";"Total";"510";"334"
"3550100";"São Manuel (SP)";"Total";"Total";"Total";"133";"54"
"3550209";"São Miguel Arcanjo (SP)";"Total";"Total";"Total";"1916";"1350"
"3550308";"São Paulo (SP)";"Total";"Total";"Total";"550";"340"
"3550407";"São Pedro (SP)";"Total";"Total";"Total";"424";"294"
"3550506";"São Pedro do Turvo (SP)";"Total";"Total";"Total";"538";"367"
"3550605";"São Roque (SP)";"Total";"Total";"Total";"142";"79"
"3550704";"São Sebastião (SP)";"Total";"Total";"Total";"25";"16"
"3550803";"São Sebastião da Grama (SP)";"Total";"Total";"Total";"271";"161"
"3550902";"São Simão (SP)";"Total";"Total";"Total";"250";"161"
"3551009";"São Vicente (SP)";"Total";"Total";"Total";"7";"5"
"3551108";"Sarapuí (SP)";"Total";"Total";"Total";"348";"225"
"3551207";"Sarutaiá (SP)";"Total";"Total";"Total";"125";"63"
"3551306";"Sebastianópolis do Sul (SP)";"Total";"Total";"Total";"216";"136"
"3551405";"Serra Azul (SP)";"Total";"Total";"Total";"136";"105"
"3551504";"Serrana (SP)";"Total";"Total";"Total";"19";"9"
"3551603";"Serra Negra (SP)";"Total";"Total";"Total";"492";"234"
"3551702";"Sertãozinho (SP)";"Total";"Total";"Total";"139";"74"
"3551801";"Sete Barras (SP)";"Total";"Total";"Total";"816";"515"
"3551900";"Severínia (SP)";"Total";"Total";"Total";"97";"55"
"3552007";"Silveiras (SP)";"Total";"Total";"Total";"338";"214"
"3552106";"Socorro (SP)";"Total";"Total";"Total";"1749";"1274"
"3552205";"Sorocaba (SP)";"Total";"Total";"Total";"193";"90"
"3552304";"Sud Mennucci (SP)";"Total";"Total";"Total";"200";"116"
"3552403";"Sumaré (SP)";"Total";"Total";"Total";"170";"116"
"3552502";"Suzano (SP)";"Total";"Total";"Total";"349";"255"
"3552551";"Suzanápolis (SP)";"Total";"Total";"Total";"282";"187"
"3552601";"Tabapuã (SP)";"Total";"Total";"Total";"229";"101"
"3552700";"Tabatinga (SP)";"Total";"Total";"Total";"429";"244"
"3552809";"Taboão da Serra (SP)";"Total";"Total";"Total";"2";"1"
"3552908";"Taciba (SP)";"Total";"Total";"Total";"194";"106"
"3553005";"Taguaí (SP)";"Total";"Total";"Total";"165";"108"
"3553104";"Taiaçu (SP)";"Total";"Total";"Total";"187";"123"
"3553203";"Taiúva (SP)";"Total";"Total";"Total";"164";"97"
"3553302";"Tambaú (SP)";"Total";"Total";"Total";"258";"141"
"3553401";"Tanabi (SP)";"Total";"Total";"Total";"1062";"856"
"3553500";"Tapiraí (SP)";"Total";"Total";"Total";"141";"88"
"3553609";"Tapiratiba (SP)";"Total";"Total";"Total";"93";"48"
"3553658";"Taquaral (SP)";"Total";"Total";"Total";"45";"19"
"3553708";"Taquaritinga (SP)";"Total";"Total";"Total";"559";"320"
"3553807";"Taquarituba (SP)";"Total";"Total";"Total";"594";"346"
"3553856";"Taquarivaí (SP)";"Total";"Total";"Total";"116";"68"
"3553906";"Tarabai (SP)";"Total";"Total";"Total";"126";"74"
"3553955";"Tarumã (SP)";"Total";"Total";"Total";"80";"41"
"3554003";"Tatuí (SP)";"Total";"Total";"Total";"342";"173"
"3554102";"Taubaté (SP)";"Total";"Total";"Total";"351";"184"
"3554201";"Tejupá (SP)";"Total";"Total";"Total";"309";"198"
"3554300";"Teodoro Sampaio (SP)";"Total";"Total";"Total";"976";"845"
"3554409";"Terra Roxa (SP)";"Total";"Total";"Total";"140";"93"
"3554508";"Tietê (SP)";"Total";"Total";"Total";"417";"280"
"3554607";"Timburi (SP)";"Total";"Total";"Total";"139";"80"
"3554656";"Torre de Pedra (SP)";"Total";"Total";"Total";"175";"92"
"3554706";"Torrinha (SP)";"Total";"Total";"Total";"421";"283"
"3554755";"Trabiju (SP)";"Total";"Total";"Total";"24";"7"
"3554805";"Tremembé (SP)";"Total";"Total";"Total";"162";"107"
"3554904";"Três Fronteiras (SP)";"Total";"Total";"Total";"310";"224"
"3554953";"Tuiuti (SP)";"Total";"Total";"Total";"456";"360"
"3555000";"Tupã (SP)";"Total";"Total";"Total";"723";"404"
"3555109";"Tupi Paulista (SP)";"Total";"Total";"Total";"516";"338"
"3555208";"Turiúba (SP)";"Total";"Total";"Total";"227";"170"
"3555307";"Turmalina (SP)";"Total";"Total";"Total";"260";"165"
"3555356";"Ubarana (SP)";"Total";"Total";"Total";"57";"36"
"3555406";"Ubatuba (SP)";"Total";"Total";"Total";"133";"108"
"3555505";"Ubirajara (SP)";"Total";"Total";"Total";"317";"186"
"3555604";"Uchoa (SP)";"Total";"Total";"Total";"360";"259"
"3555703";"União Paulista (SP)";"Total";"Total";"Total";"78";"53"
"3555802";"Urânia (SP)";"Total";"Total";"Total";"425";"354"
"3555901";"Uru (SP)";"Total";"Total";"Total";"86";"34"
"3556008";"Urupês (SP)";"Total";"Total";"Total";"519";"379"
"3556107";"Valentim Gentil (SP)";"Total";"Total";"Total";"222";"167"
"3556206";"Valinhos (SP)";"Total";"Total";"Total";"266";"162"
"3556305";"Valparaíso (SP)";"Total";"Total";"Total";"177";"88"
"3556354";"Vargem (SP)";"Total";"Total";"Total";"228";"125"
"3556404";"Vargem Grande do Sul (SP)";"Total";"Total";"Total";"195";"123"
"3556453";"Vargem Grande Paulista (SP)";"Total";"Total";"Total";"53";"37"
"3556503";"Várzea Paulista (SP)";"Total";"Total";"Total";"8";"3"
"3556602";"Vera Cruz (SP)";"Total";"Total";"Total";"264";"104"
"3556701";"Vinhedo (SP)";"Total";"Total";"Total";"85";"58"
"3556800";"Viradouro (SP)";"Total";"Total";"Total";"278";"186"
"3556909";"Vista Alegre do Alto (SP)";"Total";"Total";"Total";"111";"66"
"3556958";"Vitória Brasil (SP)";"Total";"Total";"Total";"109";"63"
"3557006";"Votorantim (SP)";"Total";"Total";"Total";"53";"25"
"3557105";"Votuporanga (SP)";"Total";"Total";"Total";"515";"338"
"3557154";"Zacarias (SP)";"Total";"Total";"Total";"156";"96"
"3557204";"Chavantes (SP)";"Total";"Total";"Total";"29";"12"
"3557303";"Estiva Gerbi (SP)";"Total";"Total";"Total";"91";"66"
"Fonte: IBGE - Censo Agropecuário"

"Notas"
"1 - Agricultura familiar referente ao Decreto 9.064 de 31/05/2017 e PRONAF referente ao MCR/BACEN em 31/12/2017 (MCR - Manual de Crétido Rural)."
"2 - Pronaf: Programa Nacional de Fortalecimento da Agricultura Familiar."
"3 - Pronamp: Programa Nacional de Apoio ao Médio Produtor Rural."
""
"Legenda"
"Símbolo";"Significado"
"-";"Zero absoluto, não resultante de um cálculo ou arredondamento.
Ex: Em determinado município não existem pessoas de 14 anos de idade sem instrução."
"0";"Zero resultante de um cálculo ou arredondamento.
Ex: A inflação do feijão em determinada Região Metropolitana foi 0.
Determinado município produziu 400 kg de sementes de girassol e os dados da tabela são expressos em toneladas."
"X";"Valor inibido para não identificar o informante.
Ex: Determinado município só possui uma empresa produtora de cimento, logo o valor de sua produção deve ser inibido."
"..";"Valor não se aplica.
Ex: Não se pode obter o total da produção agrícola em determinado município quando os produtos agrícolas são contabilizados com unidades de medida distintas."
"...";"Valor não disponível.
Ex: A produção de feijão em determinado município não foi pesquisada ou determinado município não existia no ano da pesquisa."
"A a Z
(exceto X)";"Significa uma faixa de valores. Varia em função da tabela (se for o caso).
Ex: O nível de precisão da produção estimada de combustíveis está na faixa A (95 a 100%)"
