"Tabela 3268 - Domicílios particulares permanentes, por classes de rendimento nominal mensal domiciliar"
"Variável - Domicílios particulares permanentes (Unidades)"
"Cód.";"Brasil e Município";"Ano x Classes de rendimento nominal mensal domiciliar"
"Cód.";"Brasil e Município";"2010"
"Cód.";"Brasil e Município";"Total";"Até 1/2 salário mínimo";"Mais de 1/2 a 1 salário mínimo"
"1";"Brasil";"57324167";"2379681";"8150079"
"3500105";"Adamantina (SP)";"11328";"62";"1062"
"3500204";"Adolfo (SP)";"1200";"14";"102"
"3500303";"Aguaí (SP)";"9881";"84";"1093"
"3500402";"Águas da Prata (SP)";"2506";"8";"260"
"3500501";"Águas de Lindóia (SP)";"5595";"27";"457"
"3500550";"Águas de Santa Bárbara (SP)";"1871";"11";"153"
"3500600";"Águas de São Pedro (SP)";"990";"7";"33"
"3500709";"Agudos (SP)";"10171";"107";"910"
"3500758";"Alambari (SP)";"1525";"26";"184"
"3500808";"Alfredo Marcondes (SP)";"1348";"11";"159"
"3500907";"Altair (SP)";"1183";"15";"131"
"3501004";"Altinópolis (SP)";"4875";"24";"495"
"3501103";"Alto Alegre (SP)";"1375";"15";"157"
"3501152";"Alumínio (SP)";"4985";"55";"303"
"3501202";"Álvares Florence (SP)";"1428";"23";"205"
"3501301";"Álvares Machado (SP)";"7421";"112";"850"
"3501400";"Álvaro de Carvalho (SP)";"1012";"16";"129"
"3501509";"Alvinlândia (SP)";"910";"11";"118"
"3501608";"Americana (SP)";"67640";"166";"2530"
"3501707";"Américo Brasiliense (SP)";"10284";"64";"680"
"3501806";"Américo de Campos (SP)";"1976";"16";"266"
"3501905";"Amparo (SP)";"20546";"55";"1041"
"3502002";"Analândia (SP)";"1374";"14";"98"
"3502101";"Andradina (SP)";"18080";"158";"1832"
"3502200";"Angatuba (SP)";"7046";"59";"834"
"3502309";"Anhembi (SP)";"1772";"14";"186"
"3502408";"Anhumas (SP)";"1154";"19";"132"
"3502507";"Aparecida (SP)";"10343";"93";"970"
"3502606";"Aparecida d'Oeste (SP)";"1553";"25";"219"
"3502705";"Apiaí (SP)";"7566";"362";"1640"
"3502754";"Araçariguama (SP)";"4938";"43";"384"
"3502804";"Araçatuba (SP)";"60614";"343";"4711"
"3502903";"Araçoiaba da Serra (SP)";"8568";"59";"736"
"3503000";"Aramina (SP)";"1649";"15";"154"
"3503109";"Arandu (SP)";"1899";"8";"213"
"3503158";"Arapeí (SP)";"796";"28";"142"
"3503208";"Araraquara (SP)";"68750";"303";"4213"
"3503307";"Araras (SP)";"36333";"165";"1965"
"3503356";"Arco-Íris (SP)";"643";"13";"109"
"3503406";"Arealva (SP)";"2661";"33";"261"
"3503505";"Areias (SP)";"1082";"23";"233"
"3503604";"Areiópolis (SP)";"3028";"13";"235"
"3503703";"Ariranha (SP)";"2691";"22";"159"
"3503802";"Artur Nogueira (SP)";"13479";"48";"933"
"3503901";"Arujá (SP)";"21436";"244";"1712"
"3503950";"Aspásia (SP)";"605";"8";"72"
"3504008";"Assis (SP)";"31111";"207";"2654"
"3504107";"Atibaia (SP)";"38353";"169";"2337"
"3504206";"Auriflama (SP)";"4721";"22";"415"
"3504305";"Avaí (SP)";"1562";"43";"228"
"3504404";"Avanhandava (SP)";"3069";"44";"329"
"3504503";"Avaré (SP)";"26241";"184";"2194"
"3504602";"Bady Bassitt (SP)";"4710";"15";"271"
"3504701";"Balbinos (SP)";"471";"7";"48"
"3504800";"Bálsamo (SP)";"2753";"15";"251"
"3504909";"Bananal (SP)";"3283";"73";"597"
"3505005";"Barão de Antonina (SP)";"1025";"49";"197"
"3505104";"Barbosa (SP)";"2051";"24";"259"
"3505203";"Bariri (SP)";"9992";"26";"710"
"3505302";"Barra Bonita (SP)";"11175";"49";"721"
"3505351";"Barra do Chapéu (SP)";"1571";"142";"391"
"3505401";"Barra do Turvo (SP)";"2404";"148";"558"
"3505500";"Barretos (SP)";"36142";"188";"2868"
"3505609";"Barrinha (SP)";"8415";"90";"623"
"3505708";"Barueri (SP)";"71790";"582";"5199"
"3505807";"Bastos (SP)";"6350";"53";"612"
"3505906";"Batatais (SP)";"17740";"103";"1240"
"3506003";"Bauru (SP)";"109875";"693";"6731"
"3506102";"Bebedouro (SP)";"23709";"193";"2016"
"3506201";"Bento de Abreu (SP)";"862";"7";"57"
"3506300";"Bernardino de Campos (SP)";"3493";"31";"403"
"3506359";"Bertioga (SP)";"14536";"134";"1161"
"3506409";"Bilac (SP)";"2392";"15";"193"
"3506508";"Birigui (SP)";"35632";"145";"2125"
"3506607";"Biritiba Mirim (SP)";"8400";"134";"1272"
"3506706";"Boa Esperança do Sul (SP)";"4149";"31";"440"
"3506805";"Bocaina (SP)";"3311";"16";"187"
"3506904";"Bofete (SP)";"3164";"51";"466"
"3507001";"Boituva (SP)";"14739";"82";"977"
"3507100";"Bom Jesus dos Perdões (SP)";"6118";"42";"482"
"3507159";"Bom Sucesso de Itararé (SP)";"991";"59";"175"
"3507209";"Borá (SP)";"239";"2";"14"
"3507308";"Boracéia (SP)";"1256";"2";"69"
"3507407";"Borborema (SP)";"4774";"37";"548"
"3507456";"Borebi (SP)";"701";"6";"71"
"3507506";"Botucatu (SP)";"41102";"253";"2679"
"3507605";"Bragança Paulista (SP)";"44752";"183";"2890"
"3507704";"Braúna (SP)";"1588";"13";"129"
"3507753";"Brejo Alegre (SP)";"811";"3";"111"
"3507803";"Brodowski (SP)";"6385";"37";"508"
"3507902";"Brotas (SP)";"6738";"34";"571"
"3508009";"Buri (SP)";"5512";"137";"1151"
"3508108";"Buritama (SP)";"5190";"45";"559"
"3508207";"Buritizal (SP)";"1373";"22";"163"
"3508306";"Cabrália Paulista (SP)";"1380";"15";"171"
"3508405";"Cabreúva (SP)";"11909";"61";"694"
"3508504";"Caçapava (SP)";"24834";"195";"1849"
"3508603";"Cachoeira Paulista (SP)";"9068";"95";"1059"
"3508702";"Caconde (SP)";"5691";"56";"1130"
"3508801";"Cafelândia (SP)";"5350";"40";"562"
"3508900";"Caiabu (SP)";"1390";"30";"145"
"3509007";"Caieiras (SP)";"25411";"231";"1682"
"3509106";"Caiuá (SP)";"1622";"48";"307"
"3509205";"Cajamar (SP)";"19269";"190";"1393"
"3509254";"Cajati (SP)";"8474";"271";"1556"
"3509304";"Cajobi (SP)";"3105";"16";"252"
"3509403";"Cajuru (SP)";"7209";"61";"768"
"3509452";"Campina do Monte Alegre (SP)";"1808";"31";"297"
"3509502";"Campinas (SP)";"348268";"1523";"16782"
"3509601";"Campo Limpo Paulista (SP)";"21958";"188";"1355"
"3509700";"Campos do Jordão (SP)";"14299";"108";"1306"
"3509809";"Campos Novos Paulista (SP)";"1490";"29";"242"
"3509908";"Cananéia (SP)";"3683";"101";"604"
"3509957";"Canas (SP)";"1205";"26";"178"
"3510005";"Cândido Mota (SP)";"9621";"128";"1055"
"3510104";"Cândido Rodrigues (SP)";"868";"5";"54"
"3510153";"Canitar (SP)";"1218";"10";"132"
"3510203";"Capão Bonito (SP)";"13600";"409";"2150"
"3510302";"Capela do Alto (SP)";"5240";"66";"690"
"3510401";"Capivari (SP)";"13988";"67";"831"
"3510500";"Caraguatatuba (SP)";"31934";"380";"3072"
"3510609";"Carapicuíba (SP)";"108592";"815";"7960"
"3510708";"Cardoso (SP)";"4134";"63";"721"
"3510807";"Casa Branca (SP)";"8368";"51";"810"
"3510906";"Cássia dos Coqueiros (SP)";"837";"11";"121"
"3511003";"Castilho (SP)";"5551";"158";"854"
"3511102";"Catanduva (SP)";"37296";"149";"2473"
"3511201";"Catiguá (SP)";"2239";"9";"106"
"3511300";"Cedral (SP)";"2615";"9";"177"
"3511409";"Cerqueira César (SP)";"5532";"36";"595"
"3511508";"Cerquilho (SP)";"12192";"23";"444"
"3511607";"Cesário Lange (SP)";"4469";"38";"350"
"3511706";"Charqueada (SP)";"4413";"33";"271"
"3511904";"Clementina (SP)";"2159";"12";"137"
"3512001";"Colina (SP)";"5313";"46";"479"
"3512100";"Colômbia (SP)";"1808";"29";"173"
"3512209";"Conchal (SP)";"7149";"36";"538"
"3512308";"Conchas (SP)";"5209";"54";"523"
"3512407";"Cordeirópolis (SP)";"6413";"21";"335"
"3512506";"Coroados (SP)";"1697";"23";"140"
"3512605";"Coronel Macedo (SP)";"1627";"69";"346"
"3512704";"Corumbataí (SP)";"1213";"15";"78"
"3512803";"Cosmópolis (SP)";"17768";"150";"1013"
"3512902";"Cosmorama (SP)";"2565";"37";"318"
"3513009";"Cotia (SP)";"59038";"488";"3846"
"3513108";"Cravinhos (SP)";"9216";"41";"592"
"3513207";"Cristais Paulista (SP)";"2341";"11";"194"
"3513306";"Cruzália (SP)";"779";"11";"86"
"3513405";"Cruzeiro (SP)";"23121";"308";"2411"
"3513504";"Cubatão (SP)";"36464";"523";"3298"
"3513603";"Cunha (SP)";"7039";"326";"1786"
"3513702";"Descalvado (SP)";"9554";"44";"622"
"3513801";"Diadema (SP)";"117344";"1138";"9408"
"3513850";"Dirce Reis (SP)";"589";"10";"60"
"3513900";"Divinolândia (SP)";"3583";"22";"539"
"3514007";"Dobrada (SP)";"2426";"24";"172"
"3514106";"Dois Córregos (SP)";"7619";"39";"635"
"3514205";"Dolcinópolis (SP)";"729";"6";"77"
"3514304";"Dourado (SP)";"2837";"17";"210"
"3514403";"Dracena (SP)";"14256";"97";"1274"
"3514502";"Duartina (SP)";"4029";"24";"500"
"3514601";"Dumont (SP)";"2382";"22";"120"
"3514700";"Echaporã (SP)";"2018";"20";"236"
"3514809";"Eldorado (SP)";"4258";"147";"966"
"3514908";"Elias Fausto (SP)";"4423";"31";"343"
"3514924";"Elisiário (SP)";"994";"1";"67"
"3514957";"Embaúba (SP)";"801";"5";"47"
"3515004";"Embu das Artes (SP)";"68225";"601";"6284"
"3515103";"Embu-Guaçu (SP)";"18117";"295";"2256"
"3515129";"Emilianópolis (SP)";"1016";"17";"112"
"3515152";"Engenheiro Coelho (SP)";"4648";"35";"406"
"3515186";"Espírito Santo do Pinhal (SP)";"12999";"49";"924"
"3515194";"Espírito Santo do Turvo (SP)";"1310";"5";"136"
"3515202";"Estrela d'Oeste (SP)";"2732";"13";"252"
"3515301";"Estrela do Norte (SP)";"799";"20";"72"
"3515350";"Euclides da Cunha Paulista (SP)";"2963";"122";"521"
"3515400";"Fartura (SP)";"4902";"33";"662"
"3515509";"Fernandópolis (SP)";"21831";"119";"1861"
"3515608";"Fernando Prestes (SP)";"1852";"5";"119"
"3515657";"Fernão (SP)";"514";"7";"80"
"3515707";"Ferraz de Vasconcelos (SP)";"48383";"591";"4897"
"3515806";"Flora Rica (SP)";"622";"13";"89"
"3515905";"Floreal (SP)";"1084";"10";"102"
"3516002";"Flórida Paulista (SP)";"3842";"46";"368"
"3516101";"Florínea (SP)";"942";"31";"133"
"3516200";"Franca (SP)";"97741";"588";"5895"
"3516309";"Francisco Morato (SP)";"43941";"832";"5018"
"3516408";"Franco da Rocha (SP)";"36267";"494";"3214"
"3516507";"Gabriel Monteiro (SP)";"927";"7";"59"
"3516606";"Gália (SP)";"2363";"19";"327"
"3516705";"Garça (SP)";"13482";"110";"1447"
"3516804";"Gastão Vidigal (SP)";"1276";"11";"100"
"3516853";"Gavião Peixoto (SP)";"1333";"9";"103"
"3516903";"General Salgado (SP)";"3607";"33";"390"
"3517000";"Getulina (SP)";"3037";"48";"363"
"3517109";"Glicério (SP)";"1421";"11";"106"
"3517208";"Guaiçara (SP)";"3244";"29";"273"
"3517307";"Guaimbê (SP)";"1691";"22";"214"
"3517406";"Guaíra (SP)";"11981";"119";"1121"
"3517505";"Guapiaçu (SP)";"5731";"35";"440"
"3517604";"Guapiara (SP)";"5420";"363";"1496"
"3517703";"Guará (SP)";"6048";"113";"755"
"3517802";"Guaraçaí (SP)";"2847";"26";"367"
"3517901";"Guaraci (SP)";"3168";"37";"356"
"3518008";"Guarani d'Oeste (SP)";"705";"15";"130"
"3518107";"Guarantã (SP)";"1945";"28";"216"
"3518206";"Guararapes (SP)";"10007";"51";"1039"
"3518305";"Guararema (SP)";"7759";"75";"844"
"3518404";"Guaratinguetá (SP)";"34183";"362";"3085"
"3518503";"Guareí (SP)";"3689";"43";"454"
"3518602";"Guariba (SP)";"10624";"95";"992"
"3518701";"Guarujá (SP)";"84968";"1108";"7517"
"3518800";"Guarulhos (SP)";"360540";"4852";"28163"
"3518859";"Guatapará (SP)";"2044";"25";"175"
"3518909";"Guzolândia (SP)";"1535";"10";"243"
"3519006";"Herculândia (SP)";"2797";"60";"475"
"3519055";"Holambra (SP)";"3333";"4";"85"
"3519071";"Hortolândia (SP)";"55393";"368";"3781"
"3519105";"Iacanga (SP)";"3104";"22";"269"
"3519204";"Iacri (SP)";"2081";"21";"258"
"3519253";"Iaras (SP)";"1390";"106";"177"
"3519303";"Ibaté (SP)";"8800";"56";"620"
"3519402";"Ibirá (SP)";"3644";"37";"323"
"3519501";"Ibirarema (SP)";"2165";"32";"218"
"3519600";"Ibitinga (SP)";"16823";"73";"1097"
"3519709";"Ibiúna (SP)";"21428";"294";"3228"
"3519808";"Icém (SP)";"2370";"23";"246"
"3519907";"Iepê (SP)";"2456";"40";"313"
"3520004";"Igaraçu do Tietê (SP)";"6861";"52";"581"
"3520103";"Igarapava (SP)";"8993";"59";"876"
"3520202";"Igaratá (SP)";"2809";"44";"375"
"3520301";"Iguape (SP)";"9076";"312";"1894"
"3520400";"Ilhabela (SP)";"9015";"64";"703"
"3520426";"Ilha Comprida (SP)";"3110";"84";"497"
"3520442";"Ilha Solteira (SP)";"8051";"56";"456"
"3520509";"Indaiatuba (SP)";"61293";"135";"2169"
"3520608";"Indiana (SP)";"1602";"12";"176"
"3520707";"Indiaporã (SP)";"1421";"23";"222"
"3520806";"Inúbia Paulista (SP)";"1177";"4";"124"
"3520905";"Ipaussu (SP)";"4110";"33";"406"
"3521002";"Iperó (SP)";"7796";"114";"702"
"3521101";"Ipeúna (SP)";"1778";"10";"100"
"3521150";"Ipiguá (SP)";"1443";"16";"132"
"3521200";"Iporanga (SP)";"1239";"109";"237"
"3521309";"Ipuã (SP)";"4379";"42";"366"
"3521408";"Iracemápolis (SP)";"5941";"26";"232"
"3521507";"Irapuã (SP)";"2248";"7";"231"
"3521606";"Irapuru (SP)";"2220";"31";"382"
"3521705";"Itaberá (SP)";"5526";"321";"1074"
"3521804";"Itaí (SP)";"7152";"184";"981"
"3521903";"Itajobi (SP)";"4857";"25";"397"
"3522000";"Itaju (SP)";"974";"5";"71"
"3522109";"Itanhaém (SP)";"28249";"649";"3723"
"3522158";"Itaoca (SP)";"991";"104";"215"
"3522208";"Itapecerica da Serra (SP)";"42789";"522";"4031"
"3522307";"Itapetininga (SP)";"42274";"385";"3985"
"3522406";"Itapeva (SP)";"26611";"694";"4188"
"3522505";"Itapevi (SP)";"57604";"725";"5225"
"3522604";"Itapira (SP)";"21187";"119";"1385"
"3522653";"Itapirapuã Paulista (SP)";"1159";"99";"309"
"3522703";"Itápolis (SP)";"13188";"66";"1100"
"3522802";"Itaporanga (SP)";"4746";"204";"1065"
"3522901";"Itapuí (SP)";"3711";"12";"247"
"3523008";"Itapura (SP)";"1350";"29";"201"
"3523107";"Itaquaquecetuba (SP)";"89670";"1537";"10073"
"3523206";"Itararé (SP)";"15143";"636";"2613"
"3523305";"Itariri (SP)";"4594";"133";"926"
"3523404";"Itatiba (SP)";"31157";"63";"1153"
"3523503";"Itatinga (SP)";"5224";"44";"469"
"3523602";"Itirapina (SP)";"4010";"36";"269"
"3523701";"Itirapuã (SP)";"1712";"22";"244"
"3523800";"Itobi (SP)";"2288";"15";"219"
"3523909";"Itu (SP)";"46503";"176";"2215"
"3524006";"Itupeva (SP)";"13296";"32";"550"
"3524105";"Ituverava (SP)";"12603";"81";"1298"
"3524204";"Jaborandi (SP)";"2024";"17";"236"
"3524303";"Jaboticabal (SP)";"22698";"151";"1619"
"3524402";"Jacareí (SP)";"64200";"547";"4981"
"3524501";"Jaci (SP)";"1756";"7";"107"
"3524600";"Jacupiranga (SP)";"5296";"98";"943"
"3524709";"Jaguariúna (SP)";"13545";"30";"543"
"3524808";"Jales (SP)";"16279";"114";"1664"
"3524907";"Jambeiro (SP)";"1648";"7";"126"
"3525003";"Jandira (SP)";"32536";"239";"2228"
"3525102";"Jardinópolis (SP)";"11134";"78";"1001"
"3525201";"Jarinu (SP)";"7093";"60";"601"
"3525300";"Jaú (SP)";"40945";"125";"2038"
"3525409";"Jeriquara (SP)";"970";"12";"146"
"3525508";"Joanópolis (SP)";"3891";"36";"491"
"3525607";"João Ramalho (SP)";"1287";"18";"100"
"3525706";"José Bonifácio (SP)";"10317";"62";"694"
"3525805";"Júlio Mesquita (SP)";"1373";"18";"227"
"3525854";"Jumirim (SP)";"854";"3";"40"
"3525904";"Jundiaí (SP)";"118243";"412";"4864"
"3526001";"Junqueirópolis (SP)";"5786";"55";"581"
"3526100";"Juquiá (SP)";"5947";"217";"1245"
"3526209";"Juquitiba (SP)";"8803";"222";"1604"
"3526308";"Lagoinha (SP)";"1695";"29";"354"
"3526407";"Laranjal Paulista (SP)";"7928";"35";"464"
"3526506";"Lavínia (SP)";"1765";"33";"213"
"3526605";"Lavrinhas (SP)";"1859";"49";"278"
"3526704";"Leme (SP)";"27922";"238";"2302"
"3526803";"Lençóis Paulista (SP)";"18153";"117";"1012"
"3526902";"Limeira (SP)";"84441";"504";"5112"
"3527009";"Lindóia (SP)";"2217";"9";"161"
"3527108";"Lins (SP)";"22858";"126";"1634"
"3527207";"Lorena (SP)";"25074";"427";"2552"
"3527256";"Lourdes (SP)";"713";"9";"56"
"3527306";"Louveira (SP)";"11051";"30";"347"
"3527405";"Lucélia (SP)";"6009";"75";"708"
"3527504";"Lucianópolis (SP)";"710";"5";"70"
"3527603";"Luís Antônio (SP)";"3210";"24";"223"
"3527702";"Luiziânia (SP)";"1559";"8";"160"
"3527801";"Lupércio (SP)";"1328";"18";"170"
"3527900";"Lutécia (SP)";"920";"16";"124"
"3528007";"Macatuba (SP)";"4649";"19";"290"
"3528106";"Macaubal (SP)";"2686";"17";"312"
"3528205";"Macedônia (SP)";"1255";"6";"132"
"3528304";"Magda (SP)";"1139";"15";"130"
"3528403";"Mairinque (SP)";"12978";"115";"1051"
"3528502";"Mairiporã (SP)";"23211";"155";"1870"
"3528601";"Manduri (SP)";"2895";"14";"310"
"3528700";"Marabá Paulista (SP)";"1231";"50";"200"
"3528809";"Maracaí (SP)";"4362";"60";"446"
"3528858";"Marapoama (SP)";"889";"7";"64"
"3528908";"Mariápolis (SP)";"1297";"28";"164"
"3529005";"Marília (SP)";"68716";"580";"5130"
"3529104";"Marinópolis (SP)";"690";"10";"83"
"3529203";"Martinópolis (SP)";"7522";"107";"1024"
"3529302";"Matão (SP)";"23708";"156";"1573"
"3529401";"Mauá (SP)";"125348";"1175";"9732"
"3529500";"Mendonça (SP)";"1555";"15";"107"
"3529609";"Meridiano (SP)";"1262";"9";"105"
"3529658";"Mesópolis (SP)";"648";"8";"104"
"3529708";"Miguelópolis (SP)";"6470";"94";"870"
"3529807";"Mineiros do Tietê (SP)";"3673";"23";"297"
"3529906";"Miracatu (SP)";"6194";"191";"1463"
"3530003";"Mira Estrela (SP)";"1035";"15";"162"
"3530102";"Mirandópolis (SP)";"8173";"78";"885"
"3530201";"Mirante do Paranapanema (SP)";"5486";"255";"976"
"3530300";"Mirassol (SP)";"17460";"112";"1297"
"3530409";"Mirassolândia (SP)";"1413";"27";"128"
"3530508";"Mococa (SP)";"20293";"115";"1821"
"3530607";"Mogi das Cruzes (SP)";"116418";"1335";"10157"
"3530706";"Mogi Guaçu (SP)";"41775";"164";"2616"
"3530805";"Mogi Mirim (SP)";"27038";"140";"1710"
"3530904";"Mombuca (SP)";"941";"18";"86"
"3531001";"Monções (SP)";"748";"8";"75"
"3531100";"Mongaguá (SP)";"14588";"326";"1893"
"3531209";"Monte Alegre do Sul (SP)";"2347";"9";"151"
"3531308";"Monte Alto (SP)";"14947";"69";"958"
"3531407";"Monte Aprazível (SP)";"7257";"45";"529"
"3531506";"Monte Azul Paulista (SP)";"6019";"36";"551"
"3531605";"Monte Castelo (SP)";"1391";"26";"153"
"3531704";"Monteiro Lobato (SP)";"1335";"20";"226"
"3531803";"Monte Mor (SP)";"14464";"132";"1278"
"3531902";"Morro Agudo (SP)";"8793";"128";"704"
"3532009";"Morungaba (SP)";"3519";"11";"190"
"3532058";"Motuca (SP)";"1357";"35";"146"
"3532108";"Murutinga do Sul (SP)";"1439";"20";"204"
"3532157";"Nantes (SP)";"845";"13";"88"
"3532207";"Narandiba (SP)";"1336";"27";"155"
"3532306";"Natividade da Serra (SP)";"2405";"78";"599"
"3532405";"Nazaré Paulista (SP)";"5195";"57";"780"
"3532504";"Neves Paulista (SP)";"2971";"14";"235"
"3532603";"Nhandeara (SP)";"3683";"19";"414"
"3532702";"Nipoã (SP)";"1388";"14";"115"
"3532801";"Nova Aliança (SP)";"1984";"20";"188"
"3532827";"Nova Campina (SP)";"2407";"144";"486"
"3532843";"Nova Canaã Paulista (SP)";"745";"12";"93"
"3532868";"Nova Castilho (SP)";"380";"3";"41"
"3532900";"Nova Europa (SP)";"2867";"15";"160"
"3533007";"Nova Granada (SP)";"6231";"58";"601"
"3533106";"Nova Guataporanga (SP)";"760";"11";"106"
"3533205";"Nova Independência (SP)";"958";"13";"103"
"3533254";"Novais (SP)";"1350";"10";"95"
"3533304";"Nova Luzitânia (SP)";"1116";"7";"102"
"3533403";"Nova Odessa (SP)";"15815";"53";"657"
"3533502";"Novo Horizonte (SP)";"12227";"81";"1163"
"3533601";"Nuporanga (SP)";"2169";"18";"163"
"3533700";"Ocauçu (SP)";"1366";"6";"230"
"3533809";"Óleo (SP)";"911";"13";"128"
"3533908";"Olímpia (SP)";"15985";"91";"1177"
"3534005";"Onda Verde (SP)";"1196";"7";"76"
"3534104";"Oriente (SP)";"1927";"18";"211"
"3534203";"Orindiúva (SP)";"1785";"11";"113"
"3534302";"Orlândia (SP)";"11975";"65";"702"
"3534401";"Osasco (SP)";"201894";"1422";"14428"
"3534500";"Oscar Bressane (SP)";"872";"12";"118"
"3534609";"Osvaldo Cruz (SP)";"10017";"76";"1018"
"3534708";"Ourinhos (SP)";"32795";"225";"2826"
"3534757";"Ouroeste (SP)";"2780";"41";"264"
"3534807";"Ouro Verde (SP)";"2573";"54";"415"
"3534906";"Pacaembu (SP)";"3646";"56";"466"
"3535002";"Palestina (SP)";"3759";"39";"339"
"3535101";"Palmares Paulista (SP)";"3174";"20";"189"
"3535200";"Palmeira d'Oeste (SP)";"3293";"33";"398"
"3535309";"Palmital (SP)";"7166";"74";"788"
"3535408";"Panorama (SP)";"4628";"48";"519"
"3535507";"Paraguaçu Paulista (SP)";"13029";"160";"1416"
"3535606";"Paraibuna (SP)";"5391";"72";"856"
"3535705";"Paraíso (SP)";"1899";"14";"131"
"3535804";"Paranapanema (SP)";"5519";"68";"654"
"3535903";"Paranapuã (SP)";"1296";"6";"174"
"3536000";"Parapuã (SP)";"3653";"46";"537"
"3536109";"Pardinho (SP)";"1714";"7";"134"
"3536208";"Pariquera-Açu (SP)";"5564";"95";"756"
"3536257";"Parisi (SP)";"711";"6";"61"
"3536307";"Patrocínio Paulista (SP)";"3942";"27";"393"
"3536406";"Paulicéia (SP)";"1935";"23";"204"
"3536505";"Paulínia (SP)";"24244";"92";"1010"
"3536570";"Paulistânia (SP)";"558";"9";"61"
"3536604";"Paulo de Faria (SP)";"2876";"51";"398"
"3536703";"Pederneiras (SP)";"12292";"127";"1062"
"3536802";"Pedra Bela (SP)";"1831";"22";"263"
"3536901";"Pedranópolis (SP)";"883";"11";"93"
"3537008";"Pedregulho (SP)";"4801";"30";"505"
"3537107";"Pedreira (SP)";"12730";"34";"643"
"3537156";"Pedrinhas Paulista (SP)";"901";"8";"79"
"3537206";"Pedro de Toledo (SP)";"3239";"110";"664"
"3537305";"Penápolis (SP)";"18907";"177";"1637"
"3537404";"Pereira Barreto (SP)";"8048";"139";"922"
"3537503";"Pereiras (SP)";"2382";"11";"230"
"3537602";"Peruíbe (SP)";"19273";"434";"2557"
"3537701";"Piacatu (SP)";"1630";"27";"191"
"3537800";"Piedade (SP)";"15414";"233";"2158"
"3537909";"Pilar do Sul (SP)";"7798";"100";"1185"
"3538006";"Pindamonhangaba (SP)";"43007";"543";"3638"
"3538105";"Pindorama (SP)";"4807";"24";"365"
"3538204";"Pinhalzinho (SP)";"4228";"37";"503"
"3538303";"Piquerobi (SP)";"1202";"30";"173"
"3538501";"Piquete (SP)";"4410";"86";"536"
"3538600";"Piracaia (SP)";"7826";"63";"778"
"3538709";"Piracicaba (SP)";"112756";"584";"5458"
"3538808";"Piraju (SP)";"9290";"61";"957"
"3538907";"Pirajuí (SP)";"6542";"83";"754"
"3539004";"Pirangi (SP)";"3375";"13";"232"
"3539103";"Pirapora do Bom Jesus (SP)";"4384";"74";"492"
"3539202";"Pirapozinho (SP)";"7740";"100";"799"
"3539301";"Pirassununga (SP)";"22582";"109";"1456"
"3539400";"Piratininga (SP)";"3695";"19";"235"
"3539509";"Pitangueiras (SP)";"10616";"155";"919"
"3539608";"Planalto (SP)";"1415";"12";"162"
"3539707";"Platina (SP)";"1043";"19";"150"
"3539806";"Poá (SP)";"30570";"316";"2548"
"3539905";"Poloni (SP)";"1815";"5";"142"
"3540002";"Pompéia (SP)";"6363";"47";"562"
"3540101";"Pongaí (SP)";"1211";"13";"160"
"3540200";"Pontal (SP)";"11682";"109";"732"
"3540259";"Pontalinda (SP)";"1314";"10";"146"
"3540309";"Pontes Gestal (SP)";"845";"6";"81"
"3540408";"Populina (SP)";"1501";"20";"201"
"3540507";"Porangaba (SP)";"2796";"51";"429"
"3540606";"Porto Feliz (SP)";"14562";"83";"1020"
"3540705";"Porto Ferreira (SP)";"15865";"90";"1160"
"3540754";"Potim (SP)";"4645";"81";"600"
"3540804";"Potirendaba (SP)";"4983";"19";"317"
"3540853";"Pracinha (SP)";"510";"21";"58"
"3540903";"Pradópolis (SP)";"5083";"60";"212"
"3541000";"Praia Grande (SP)";"83445";"914";"6989"
"3541059";"Pratânia (SP)";"1374";"7";"120"
"3541109";"Presidente Alves (SP)";"1347";"22";"183"
"3541208";"Presidente Bernardes (SP)";"4541";"66";"552"
"3541307";"Presidente Epitácio (SP)";"13202";"190";"1715"
"3541406";"Presidente Prudente (SP)";"67841";"459";"4926"
"3541505";"Presidente Venceslau (SP)";"12402";"141";"1437"
"3541604";"Promissão (SP)";"10978";"106";"965"
"3541653";"Quadra (SP)";"1035";"9";"140"
"3541703";"Quatá (SP)";"4015";"33";"387"
"3541802";"Queiroz (SP)";"879";"13";"105"
"3541901";"Queluz (SP)";"2998";"59";"384"
"3542008";"Quintana (SP)";"1947";"26";"294"
"3542107";"Rafard (SP)";"2516";"8";"148"
"3542206";"Rancharia (SP)";"9414";"104";"1134"
"3542305";"Redenção da Serra (SP)";"1260";"29";"295"
"3542404";"Regente Feijó (SP)";"5938";"41";"545"
"3542503";"Reginópolis (SP)";"1757";"19";"158"
"3542602";"Registro (SP)";"16494";"296";"2271"
"3542701";"Restinga (SP)";"1826";"31";"183"
"3542800";"Ribeira (SP)";"1053";"53";"270"
"3542909";"Ribeirão Bonito (SP)";"3768";"19";"342"
"3543006";"Ribeirão Branco (SP)";"5304";"313";"1364"
"3543105";"Ribeirão Corrente (SP)";"1300";"10";"140"
"3543204";"Ribeirão do Sul (SP)";"1409";"24";"183"
"3543238";"Ribeirão dos Índios (SP)";"746";"13";"97"
"3543253";"Ribeirão Grande (SP)";"2238";"83";"348"
"3543303";"Ribeirão Pires (SP)";"33844";"193";"2147"
"3543402";"Ribeirão Preto (SP)";"195338";"775";"9124"
"3543501";"Riversul (SP)";"2045";"146";"491"
"3543600";"Rifaina (SP)";"1153";"18";"139"
"3543709";"Rincão (SP)";"3115";"39";"323"
"3543808";"Rinópolis (SP)";"3268";"24";"444"
"3543907";"Rio Claro (SP)";"59713";"272";"3107"
"3544004";"Rio das Pedras (SP)";"8698";"50";"506"
"3544103";"Rio Grande da Serra (SP)";"13191";"219";"1253"
"3544202";"Riolândia (SP)";"2935";"40";"421"
"3544251";"Rosana (SP)";"6122";"206";"687"
"3544301";"Roseira (SP)";"2851";"29";"340"
"3544400";"Rubiácea (SP)";"866";"9";"84"
"3544509";"Rubinéia (SP)";"996";"13";"101"
"3544608";"Sabino (SP)";"1731";"18";"176"
"3544707";"Sagres (SP)";"774";"11";"90"
"3544806";"Sales (SP)";"1819";"22";"193"
"3544905";"Sales Oliveira (SP)";"3234";"11";"183"
"3545001";"Salesópolis (SP)";"4680";"64";"691"
"3545100";"Salmourão (SP)";"1551";"26";"185"
"3545159";"Saltinho (SP)";"2165";"2";"80"
"3545209";"Salto (SP)";"31868";"103";"1566"
"3545308";"Salto de Pirapora (SP)";"11490";"106";"1027"
"3545407";"Salto Grande (SP)";"2880";"63";"499"
"3545506";"Sandovalina (SP)";"1109";"35";"133"
"3545605";"Santa Adélia (SP)";"4610";"24";"368"
"3545704";"Santa Albertina (SP)";"2005";"21";"255"
"3545803";"Santa Bárbara d'Oeste (SP)";"54916";"142";"2457"
"3546009";"Santa Branca (SP)";"4247";"59";"470"
"3546108";"Santa Clara d'Oeste (SP)";"692";"3";"47"
"3546207";"Santa Cruz da Conceição (SP)";"1302";"10";"75"
"3546256";"Santa Cruz da Esperança (SP)";"597";"10";"72"
"3546306";"Santa Cruz das Palmeiras (SP)";"9100";"67";"703"
"3546405";"Santa Cruz do Rio Pardo (SP)";"13976";"75";"1248"
"3546504";"Santa Ernestina (SP)";"1655";"12";"82"
"3546603";"Santa Fé do Sul (SP)";"9987";"75";"879"
"3546702";"Santa Gertrudes (SP)";"6673";"46";"317"
"3546801";"Santa Isabel (SP)";"15299";"220";"1875"
"3546900";"Santa Lúcia (SP)";"2410";"18";"166"
"3547007";"Santa Maria da Serra (SP)";"1681";"31";"185"
"3547106";"Santa Mercedes (SP)";"936";"11";"141"
"3547205";"Santana da Ponte Pensa (SP)";"594";"2";"39"
"3547304";"Santana de Parnaíba (SP)";"31610";"282";"1962"
"3547403";"Santa Rita d'Oeste (SP)";"910";"6";"98"
"3547502";"Santa Rita do Passa Quatro (SP)";"8765";"41";"641"
"3547601";"Santa Rosa de Viterbo (SP)";"7399";"54";"687"
"3547650";"Santa Salete (SP)";"505";"2";"27"
"3547700";"Santo Anastácio (SP)";"6691";"76";"756"
"3547809";"Santo André (SP)";"215617";"1331";"12511"
"3547908";"Santo Antônio da Alegria (SP)";"2069";"23";"324"
"3548005";"Santo Antônio de Posse (SP)";"6297";"26";"522"
"3548054";"Santo Antônio do Aracanguá (SP)";"2425";"10";"191"
"3548104";"Santo Antônio do Jardim (SP)";"1817";"11";"173"
"3548203";"Santo Antônio do Pinhal (SP)";"1995";"31";"260"
"3548302";"Santo Expedito (SP)";"966";"25";"170"
"3548401";"Santópolis do Aguapeí (SP)";"1347";"15";"147"
"3548500";"Santos (SP)";"144600";"530";"5945"
"3548609";"São Bento do Sapucaí (SP)";"3350";"80";"535"
"3548708";"São Bernardo do Campo (SP)";"239174";"1492";"13875"
"3548807";"São Caetano do Sul (SP)";"50492";"79";"1894"
"3548906";"São Carlos (SP)";"71601";"380";"3666"
"3549003";"São Francisco (SP)";"964";"9";"123"
"3549102";"São João da Boa Vista (SP)";"27581";"108";"1992"
"3549201";"São João das Duas Pontes (SP)";"852";"5";"96"
"3549250";"São João de Iracema (SP)";"591";"7";"54"
"3549300";"São João do Pau d'Alho (SP)";"729";"2";"87"
"3549409";"São Joaquim da Barra (SP)";"14423";"88";"956"
"3549508";"São José da Bela Vista (SP)";"2496";"37";"320"
"3549607";"São José do Barreiro (SP)";"1308";"58";"289"
"3549706";"São José do Rio Pardo (SP)";"15885";"86";"1418"
"3549805";"São José do Rio Preto (SP)";"137233";"821";"7509"
"3549904";"São José dos Campos (SP)";"189503";"1034";"10402"
"3549953";"São Lourenço da Serra (SP)";"4296";"74";"610"
"3550001";"São Luiz do Paraitinga (SP)";"3459";"74";"620"
"3550100";"São Manuel (SP)";"11500";"71";"805"
"3550209";"São Miguel Arcanjo (SP)";"9476";"155";"1698"
"3550308";"São Paulo (SP)";"3574286";"19000";"225342"
"3550407";"São Pedro (SP)";"10389";"62";"841"
"3550506";"São Pedro do Turvo (SP)";"2339";"29";"359"
"3550605";"São Roque (SP)";"23754";"128";"1668"
"3550704";"São Sebastião (SP)";"23603";"280";"1987"
"3550803";"São Sebastião da Grama (SP)";"3698";"17";"456"
"3550902";"São Simão (SP)";"4427";"27";"366"
"3551009";"São Vicente (SP)";"101697";"873";"8138"
"3551108";"Sarapuí (SP)";"2833";"37";"420"
"3551207";"Sarutaiá (SP)";"1145";"12";"193"
"3551306";"Sebastianópolis do Sul (SP)";"1054";"11";"78"
"3551405";"Serra Azul (SP)";"2575";"30";"274"
"3551504";"Serrana (SP)";"11176";"59";"763"
"3551603";"Serra Negra (SP)";"8676";"33";"613"
"3551702";"Sertãozinho (SP)";"33056";"260";"1738"
"3551801";"Sete Barras (SP)";"3962";"154";"929"
"3551900";"Severínia (SP)";"4656";"28";"403"
"3552007";"Silveiras (SP)";"1788";"43";"321"
"3552106";"Socorro (SP)";"12139";"75";"1128"
"3552205";"Sorocaba (SP)";"178777";"939";"9401"
"3552304";"Sud Mennucci (SP)";"2420";"21";"226"
"3552403";"Sumaré (SP)";"73472";"410";"4622"
"3552502";"Suzano (SP)";"74764";"1139";"7818"
"3552551";"Suzanápolis (SP)";"1090";"35";"160"
"3552601";"Tabapuã (SP)";"3751";"16";"293"
"3552700";"Tabatinga (SP)";"4600";"29";"395"
"3552809";"Taboão da Serra (SP)";"72314";"523";"4948"
"3552908";"Taciba (SP)";"1800";"27";"176"
"3553005";"Taguaí (SP)";"3142";"22";"290"
"3553104";"Taiaçu (SP)";"1825";"7";"181"
"3553203";"Taiúva (SP)";"1773";"9";"125"
"3553302";"Tambaú (SP)";"6855";"28";"508"
"3553401";"Tanabi (SP)";"8104";"59";"763"
"3553500";"Tapiraí (SP)";"2348";"58";"406"
"3553609";"Tapiratiba (SP)";"3815";"24";"386"
"3553658";"Taquaral (SP)";"848";"8";"74"
"3553708";"Taquaritinga (SP)";"17416";"128";"1673"
"3553807";"Taquarituba (SP)";"6872";"145";"1033"
"3553856";"Taquarivaí (SP)";"1425";"32";"241"
"3553906";"Tarabai (SP)";"2023";"30";"262"
"3553955";"Tarumã (SP)";"3973";"65";"317"
"3554003";"Tatuí (SP)";"32515";"189";"2100"
"3554102";"Taubaté (SP)";"83831";"564";"5181"
"3554201";"Tejupá (SP)";"1386";"17";"256"
"3554300";"Teodoro Sampaio (SP)";"6639";"154";"845"
"3554409";"Terra Roxa (SP)";"2699";"25";"219"
"3554508";"Tietê (SP)";"11491";"34";"616"
"3554607";"Timburi (SP)";"877";"13";"168"
"3554656";"Torre de Pedra (SP)";"785";"17";"97"
"3554706";"Torrinha (SP)";"2946";"15";"242"
"3554755";"Trabiju (SP)";"464";"5";"39"
"3554805";"Tremembé (SP)";"10632";"102";"853"
"3554904";"Três Fronteiras (SP)";"1867";"19";"206"
"3554953";"Tuiuti (SP)";"1889";"12";"188"
"3555000";"Tupã (SP)";"20822";"160";"2246"
"3555109";"Tupi Paulista (SP)";"4565";"20";"438"
"3555208";"Turiúba (SP)";"703";"12";"66"
"3555307";"Turmalina (SP)";"710";"8";"67"
"3555356";"Ubarana (SP)";"1603";"16";"133"
"3555406";"Ubatuba (SP)";"25075";"477";"2840"
"3555505";"Ubirajara (SP)";"1440";"17";"173"
"3555604";"Uchoa (SP)";"3110";"35";"321"
"3555703";"União Paulista (SP)";"509";"1";"38"
"3555802";"Urânia (SP)";"3025";"33";"368"
"3555901";"Uru (SP)";"438";"7";"60"
"3556008";"Urupês (SP)";"4241";"12";"337"
"3556107";"Valentim Gentil (SP)";"3553";"21";"243"
"3556206";"Valinhos (SP)";"33633";"66";"1075"
"3556305";"Valparaíso (SP)";"6171";"50";"491"
"3556354";"Vargem (SP)";"2774";"25";"344"
"3556404";"Vargem Grande do Sul (SP)";"12366";"90";"1127"
"3556453";"Vargem Grande Paulista (SP)";"12541";"87";"792"
"3556503";"Várzea Paulista (SP)";"31612";"177";"1821"
"3556602";"Vera Cruz (SP)";"3301";"35";"336"
"3556701";"Vinhedo (SP)";"19376";"34";"549"
"3556800";"Viradouro (SP)";"5387";"46";"427"
"3556909";"Vista Alegre do Alto (SP)";"2086";"5";"86"
"3556958";"Vitória Brasil (SP)";"558";"5";"58"
"3557006";"Votorantim (SP)";"31953";"247";"1995"
"3557105";"Votuporanga (SP)";"29144";"174";"2210"
"3557154";"Zacarias (SP)";"799";"8";"84"
"3557204";"Chavantes (SP)";"3709";"39";"343"
"3557303";"Estiva Gerbi (SP)";"2910";"24";"190"
"Fonte: IBGE - Censo Demográfico"

"Notas"
"1 - Os dados são do Universo."
"2 - A categoria Sem rendimento inclui os domicílios com rendimento mensal domiciliar somente em benefícios."
"3 - Salário mínimo utilizado: R$ 510,00."
""
"Legenda"
"Símbolo";"Significado"
"-";"Zero absoluto, não resultante de um cálculo ou arredondamento.
Ex: Em determinado município não existem pessoas de 14 anos de idade sem instrução."
"0";"Zero resultante de um cálculo ou arredondamento.
Ex: A inflação do feijão em determinada Região Metropolitana foi 0.
Determinado município produziu 400 kg de sementes de girassol e os dados da tabela são expressos em toneladas."
"X";"Valor inibido para não identificar o informante.
Ex: Determinado município só possui uma empresa produtora de cimento, logo o valor de sua produção deve ser inibido."
"..";"Valor não se aplica.
Ex: Não se pode obter o total da produção agrícola em determinado município quando os produtos agrícolas são contabilizados com unidades de medida distintas."
"...";"Valor não disponível.
Ex: A produção de feijão em determinado município não foi pesquisada ou determinado município não existia no ano da pesquisa."
"A a Z
(exceto X)";"Significa uma faixa de valores. Varia em função da tabela (se for o caso).
Ex: O nível de precisão da produção estimada de combustíveis está na faixa A (95 a 100%)"
